101102506493,幸福家园二期,广渠门,东城,1800,187.09O,148.95O,板楼,96211,4室2厅1厨2卫,低楼层 (共18层),平层,南 西 北,钢混结构,精装,两梯六户,集中供暖,有,70年,普通住宅,https://bj.lianjia.com/ershoufang/101102506493.html
101102509236,远洋德邑,广渠门,东城,1050,127.42O,100.77O,塔楼,82405,3室2厅1厨1卫,中楼层 (共22层),平层,南,钢混结构,简装,三梯十二户,集中供暖,有,70年,普通住宅,https://bj.lianjia.com/ershoufang/101102509236.html
101102922567,水上华城,广渠门,东城,1060,105.29O,83.19O,板塔结合,100675,2室1厅1厨1卫,低楼层 (共23层),平层,西南,钢混结构,简装,两梯六户,集中供暖,有,70年,普通住宅,https://bj.lianjia.com/ershoufang/101102922567.html
101102214817,远洋德邑,广渠门,东城,950,110.95O,87.74O,塔楼,85625,2室1厅1厨1卫,高楼层 (共22层),平层,东北,钢混结构,简装,三梯十二户,集中供暖,有,70年,普通住宅,https://bj.lianjia.com/ershoufang/101102214817.html
101102728701,绿景苑,广渠门,东城,1190,134.03O,112.76O,塔楼,88787,3室2厅1厨2卫,低楼层 (共18层),平层,西南 北,钢混结构,精装,两梯八户,集中供暖,有,70年,普通住宅,https://bj.lianjia.com/ershoufang/101102728701.html
101102175176,金世纪嘉园,广渠门,东城,612,75.55O,59.96O,塔楼,81006,2室1厅1厨1卫,低楼层 (共21层),平层,东南,钢混结构,简装,三梯十二户,集中供暖,有,70年,普通住宅,https://bj.lianjia.com/ershoufang/101102175176.html
101102798101,幸福家园三期,广渠门,东城,1080,90.91O,72.73O,板塔结合,118799,2室1厅1厨1卫,低楼层 (共12层),平层,东北,钢混结构,其他,一梯三户,集中供暖,有,70年,普通住宅,https://bj.lianjia.com/ershoufang/101102798101.html
101102961755,绿景馨园,广渠门,东城,700,70.38O,63.22O,板楼,99461,2室1厅1厨1卫,低楼层 (共6层),平层,南 北,钢混结构,毛坯,一梯四户,自供暖,无,70年,普通住宅,https://bj.lianjia.com/ershoufang/101102961755.html
101102610926,幸福南里,广渠门,东城,612,65.7O,暂无数据,板塔结合,93151,2室1厅1厨1卫,高楼层 (共12层),平层,南 北,混合结构,精装,一梯八户,集中供暖,有,70年,普通住宅,https://bj.lianjia.com/ershoufang/101102610926.html
101102682738,金世纪嘉园,广渠门,东城,650,75.74O,60.11O,塔楼,85820,2室1厅1厨1卫,中楼层 (共21层),平层,东南,钢混结构,简装,三梯十二户,集中供暖,有,70年,普通住宅,https://bj.lianjia.com/ershoufang/101102682738.html
101102961642,金桥国际,广渠门,东城,542,63.79O,47.97O,塔楼,84967,1室1厅1厨1卫,中楼层 (共27层),平层,西,钢混结构,其他,四梯十六户,集中供暖,有,70年,普通住宅,https://bj.lianjia.com/ershoufang/101102961642.html
101102986686,水上华城,广渠门,东城,1600,166.49O,137.48O,板塔结合,96102,3室2厅1厨2卫,低楼层 (共23层),平层,南 北,钢混结构,其他,两梯两户,集中供暖,有,70年,普通住宅,https://bj.lianjia.com/ershoufang/101102986686.html
101102407947,东方财富,广渠门,东城,610,69.71O,52.32O,板塔结合,87506,1室1厅1厨1卫,顶层 (共15层),平层,西北,钢混结构,精装,四梯二十六户,集中供暖,有,70年,普通住宅,https://bj.lianjia.com/ershoufang/101102407947.html
101103015949,水上华城,广渠门,东城,1350,145.58O,113.72O,板楼,92733,3室2厅1厨2卫,中楼层 (共20层),平层,东 西,钢混结构,精装,两梯两户,集中供暖,有,70年,普通住宅,https://bj.lianjia.com/ershoufang/101103015949.html
101102463499,金桥国际,广渠门,东城,515,63.35O,47.64O,塔楼,81295,1室1厅1厨1卫,低楼层 (共27层),平层,南,钢混结构,其他,四梯十六户,集中供暖,有,70年,普通住宅,https://bj.lianjia.com/ershoufang/101102463499.html
101102726274,安化南里,广渠门,东城,720,79.89O,64.56O,塔楼,90124,2室1厅1厨1卫,低楼层 (共16层),平层,东南,钢混结构,精装,四梯十八户,自供暖,有,70年,普通住宅,https://bj.lianjia.com/ershoufang/101102726274.html
101102918479,绿景苑,广渠门,东城,1298,136.64O,114.96O,塔楼,94995,3室2厅1厨2卫,顶层 (共18层),平层,东南,钢混结构,精装,两梯八户,集中供暖,有,70年,普通住宅,https://bj.lianjia.com/ershoufang/101102918479.html
101102922863,光明楼,广渠门,东城,735,82.82O,暂无数据,板楼,88747,3室1厅1厨1卫,低楼层 (共6层),平层,南 北,混合结构,简装,一梯两户,集中供暖,无,70年,普通住宅,https://bj.lianjia.com/ershoufang/101102922863.html
101102521438,幸福家园三期,广渠门,东城,765,70.33O,56.35O,板塔结合,108773,1室1厅1厨1卫,中楼层 (共8层),平层,西,钢混结构,精装,一梯四户,集中供暖,有,70年,普通住宅,https://bj.lianjia.com/ershoufang/101102521438.html
101102926349,广渠家园,广渠门,东城,610,74.99O,59.96O,板塔结合,81345,3室1厅1厨1卫,中楼层 (共29层),平层,南 北,钢混结构,精装,三梯十二户,集中供暖,有,70年,普通住宅,https://bj.lianjia.com/ershoufang/101102926349.html
101102300505,京禧阁,广渠门,东城,1050,112.01O,91.88O,塔楼,93742,2室1厅1厨2卫,低楼层 (共22层),平层,东,钢混结构,其他,四梯十户,集中供暖,有,70年,普通住宅,https://bj.lianjia.com/ershoufang/101102300505.html
101102809955,水上华城,广渠门,东城,1350,144.43O,112.82O,板楼,93471,3室1厅1厨2卫,中楼层 (共20层),平层,东 西,钢混结构,精装,两梯两户,集中供暖,有,70年,普通住宅,https://bj.lianjia.com/ershoufang/101102809955.html
101102355084,幸福家园二期,广渠门,东城,1900,187.09O,148.95O,板楼,101556,4室2厅1厨2卫,高楼层 (共18层),平层,南 西 北,钢混结构,简装,两梯六户,集中供暖,有,70年,普通住宅,https://bj.lianjia.com/ershoufang/101102355084.html
101102962098,远洋德邑,广渠门,东城,1100,131.45O,108.25O,板塔结合,83683,2室1厅1厨2卫,低楼层 (共12层),平层,东 西,钢混结构,精装,一梯四户,集中供暖,有,70年,普通住宅,https://bj.lianjia.com/ershoufang/101102962098.html
101103017077,绿景苑,广渠门,东城,690,69.61O,57.39O,板塔结合,99124,2室1厅1厨1卫,低楼层 (共14层),平层,东,钢混结构,简装,三梯二十二户,集中供暖,有,70年,普通住宅,https://bj.lianjia.com/ershoufang/101103017077.html
101103027582,天利园,广渠门,东城,660,66.31O,55.02O,板楼,99533,2室1厅1厨1卫,顶层 (共16层),平层,南,钢混结构,简装,一梯三户,集中供暖,有,70年,普通住宅,https://bj.lianjia.com/ershoufang/101103027582.html
101102942654,金世纪嘉园,广渠门,东城,555,69.27O,54.98O,塔楼,80122,1室1厅1厨1卫,低楼层 (共21层),平层,东南,钢混结构,简装,三梯十二户,集中供暖,有,70年,普通住宅,https://bj.lianjia.com/ershoufang/101102942654.html
101103096133,远洋德邑,广渠门,东城,1060,119.3O,98.25O,板塔结合,88852,2室1厅1厨2卫,低楼层 (共14层),平层,东 西,钢混结构,简装,一梯四户,集中供暖,有,70年,普通住宅,https://bj.lianjia.com/ershoufang/101103096133.html
101101907553,培新街乙5号院,广渠门,东城,590,55.15O,暂无数据,塔楼,106981,1室1厅1厨1卫,底层 (共17层),平层,西南,钢混结构,精装,三梯十户,集中供暖,有,70年,普通住宅,https://bj.lianjia.com/ershoufang/101101907553.html
101102704907,幸福北里,广渠门,东城,543,57.41O,40.1O,板楼,94583,2室1厅1厨1卫,中楼层 (共6层),平层,南,混合结构,毛坯,一梯三户,集中供暖,无,70年,普通住宅,https://bj.lianjia.com/ershoufang/101102704907.html
101102824304,绿景苑,广渠门,东城,740,78.33O,62.63O,塔楼,94473,2室1厅1厨1卫,中楼层 (共18层),平层,西,钢混结构,其他,三梯十二户,集中供暖,有,70年,普通住宅,https://bj.lianjia.com/ershoufang/101102824304.html
101102188319,绿景馨园,广渠门,东城,520,52.12O,46.74O,板楼,99770,2室1厅1厨1卫,高楼层 (共6层),平层,南,钢混结构,精装,一梯四户,自供暖,无,70年,普通住宅,https://bj.lianjia.com/ershoufang/101102188319.html
101102403972,金桥国际,广渠门,东城,880,121.68O,91.51O,塔楼,72321,2室2厅1厨2卫,中楼层 (共21层),跃层,南,钢混结构,其他,两梯十六户,集中供暖,有,70年,普通住宅,https://bj.lianjia.com/ershoufang/101102403972.html
101102807495,广渠门内大街,广渠门,东城,705,80.09O,暂无数据,板塔结合,88026,3室1厅1厨1卫,低楼层 (共13层),平层,南 北,混合结构,精装,两梯六户,集中供暖,有,70年,普通住宅,https://bj.lianjia.com/ershoufang/101102807495.html
101103021151,金世纪嘉园,广渠门,东城,700,78.4O,64.71O,塔楼,89286,1室1厅1厨1卫,中楼层 (共18层),平层,东南,钢混结构,精装,两梯十户,集中供暖,有,70年,普通住宅,https://bj.lianjia.com/ershoufang/101103021151.html
101102418562,冠城名敦道,广渠门,东城,520,93.13O,70.12O,塔楼,55836,2室1厅0厨0卫,中楼层 (共23层),平层,东,钢混结构,简装,四梯十三户,集中供暖,有,70年,普通住宅,https://bj.lianjia.com/ershoufang/101102418562.html
101103075821,忠实里,广渠门,东城,708,82.2O,55.85O,板楼,86132,3室1厅1厨1卫,低楼层 (共14层),平层,东北,混合结构,精装,一梯六户,集中供暖,有,70年,普通住宅,https://bj.lianjia.com/ershoufang/101103075821.html
101103089774,远洋德邑,广渠门,东城,965,106.28O,87.52O,板塔结合,90798,2室1厅1厨1卫,中楼层 (共14层),平层,东,钢混结构,精装,一梯四户,集中供暖,有,70年,普通住宅,https://bj.lianjia.com/ershoufang/101103089774.html
101101244677,天利园,广渠门,东城,1250,130.31O,108.12O,板楼,95926,3室1厅1厨1卫,中楼层 (共16层),平层,东南,钢混结构,精装,一梯六户,集中供暖,有,70年,普通住宅,https://bj.lianjia.com/ershoufang/101101244677.html
101102437167,忠实里,广渠门,东城,720,82.2O,55.85O,板楼,87592,3室1厅1厨1卫,低楼层 (共14层),平层,东北,混合结构,精装,一梯六户,集中供暖,有,70年,普通住宅,https://bj.lianjia.com/ershoufang/101102437167.html
101102903589,金世纪嘉园,广渠门,东城,650,77.95O,62.96O,塔楼,83387,2室1厅1厨1卫,高楼层 (共21层),平层,西,钢混结构,简装,四梯十六户,集中供暖,有,70年,普通住宅,https://bj.lianjia.com/ershoufang/101102903589.html
101102689849,广渠家园,广渠门,东城,695,79.08O,63.23O,板塔结合,87886,3室1厅1厨1卫,低楼层 (共29层),平层,西南,钢混结构,精装,三梯十二户,集中供暖,有,70年,普通住宅,https://bj.lianjia.com/ershoufang/101102689849.html
101102659802,金桥国际,广渠门,东城,1661,195.52O,147.04O,塔楼,84953,3室1厅1厨3卫,中楼层 (共27层),平层,东南,钢混结构,精装,四梯十七户,集中供暖,有,70年,普通住宅,https://bj.lianjia.com/ershoufang/101102659802.html
101102747077,冠城名敦道,广渠门,东城,1450,129.41O,98.22O,板楼,112047,2室2厅1厨2卫,中楼层 (共17层),平层,东 南 北,钢混结构,其他,两梯两户,集中供暖,有,70年,普通住宅,https://bj.lianjia.com/ershoufang/101102747077.html
101102893008,远洋德邑,广渠门,东城,1500,168.59O,138.84O,板塔结合,88974,3室1厅1厨2卫,中楼层 (共14层),平层,东南,钢混结构,简装,一梯四户,集中供暖,有,70年,普通住宅,https://bj.lianjia.com/ershoufang/101102893008.html
101101135837,广渠家园,广渠门,东城,530,61.14O,48.88O,板塔结合,86687,2室1厅1厨1卫,高楼层 (共29层),平层,西北,钢混结构,精装,三梯十二户,集中供暖,有,70年,普通住宅,https://bj.lianjia.com/ershoufang/101101135837.html
101101174440,板厂新里,广渠门,东城,1042,115.8O,暂无数据,板楼,89983,3室2厅1厨1卫,底层 (共4层),平层,南 北,混合结构,精装,一梯一户,集中供暖,暂无数据,70年,普通住宅,https://bj.lianjia.com/ershoufang/101101174440.html
101101867415,绿景苑,广渠门,东城,1550,163.63O,暂无数据,板楼,94726,4室2厅1厨2卫,中楼层 (共14层),平层,南 北,钢混结构,简装,一梯两户,集中供暖,有,70年,普通住宅,https://bj.lianjia.com/ershoufang/101101867415.html
101102686312,广和里,广渠门,朝阳,799,133.28O,暂无数据,板楼,59949,3室2厅1厨2卫,顶层 (共6层),跃层,南 北,混合结构,精装,一梯两户,集中供暖,无,70年,普通住宅,https://bj.lianjia.com/ershoufang/101102686312.html
101102969666,保利蔷薇,广渠门,东城,920,95.14O,76.53O,板塔结合,96700,2室2厅1厨1卫,低楼层 (共16层),平层,东,钢混结构,精装,三梯十一户,集中供暖,有,70年,普通住宅,https://bj.lianjia.com/ershoufang/101102969666.html
101103100511,广渠家园,广渠门,东城,690,79.21O,63.23O,板塔结合,87111,3室1厅1厨1卫,中楼层 (共29层),平层,西南,钢混结构,简装,三梯十二户,集中供暖,有,70年,普通住宅,https://bj.lianjia.com/ershoufang/101103100511.html
101102172473,远洋德邑,广渠门,东城,1080,131.9O,104.31O,塔楼,81881,3室2厅1厨1卫,中楼层 (共22层),平层,东,钢混结构,简装,三梯十二户,集中供暖,有,70年,普通住宅,https://bj.lianjia.com/ershoufang/101102172473.html
101102239654,丽水湾畔家园,广渠门,东城,1010,130O,104.56O,塔楼,77693,2室1厅1厨1卫,中楼层 (共21层),平层,西,钢混结构,其他,两梯八户,集中供暖,有,70年,普通住宅,https://bj.lianjia.com/ershoufang/101102239654.html
101103009602,京城仁合,广渠门,东城,1080,122.86O,暂无数据,板塔结合,87905,2室2厅1厨2卫,高楼层 (共16层),平层,东 南 西,钢混结构,精装,一梯三户,集中供暖,有,70年,普通住宅,https://bj.lianjia.com/ershoufang/101103009602.html
101102982864,东环居苑,广渠门,东城,850,99.12O,79.5O,塔楼,85755,3室1厅1厨1卫,低楼层 (共22层),平层,南 北,钢混结构,简装,三梯十一户,集中供暖,有,70年,普通住宅,https://bj.lianjia.com/ershoufang/101102982864.html
101102439170,冠城名敦道,广渠门,东城,630,83.24O,61.19O,塔楼,75685,1室1厅1厨0卫,低楼层 (共23层),平层,东南,钢混结构,精装,四梯十三户,集中供暖,有,70年,普通住宅,https://bj.lianjia.com/ershoufang/101102439170.html
101102866281,安化北里,广渠门,东城,650,74.62O,暂无数据,塔楼,87109,2室1厅1厨1卫,中楼层 (共17层),平层,南 西,混合结构,精装,两梯八户,集中供暖,有,70年,普通住宅,https://bj.lianjia.com/ershoufang/101102866281.html
101103024201,冠城名敦道,广渠门,东城,530,60.99O,42.99O,塔楼,86900,1室1厅1厨1卫,高楼层 (共23层),平层,南,钢混结构,精装,七梯二十三户,集中供暖,有,70年,普通住宅,https://bj.lianjia.com/ershoufang/101103024201.html
101102792527,领行国际,广渠门,东城,715,104.99O,83.71O,板塔结合,68102,2室1厅1厨1卫,高楼层 (共21层),平层,西南,钢混结构,简装,三梯八户,集中供暖,有,70年,普通住宅,https://bj.lianjia.com/ershoufang/101102792527.html
101102438195,领行国际,广渠门,东城,800,106.08O,84.58O,板塔结合,75415,2室2厅1厨1卫,高楼层 (共21层),平层,西,钢混结构,精装,三梯八户,集中供暖,有,70年,公寓,https://bj.lianjia.com/ershoufang/101102438195.html
101102383251,幸福家园一期,广渠门,东城,880,86.37O,69.21O,塔楼,101888,2室1厅1厨1卫,低楼层 (共18层),平层,北,钢混结构,简装,两梯六户,集中供暖,有,70年,普通住宅,https://bj.lianjia.com/ershoufang/101102383251.html
101102811832,绿景馨园,广渠门,东城,730,75.18O,67.41O,板楼,97101,2室2厅1厨1卫,顶层 (共6层),复式,南 北,钢混结构,精装,一梯两户,自供暖,无,70年,普通住宅,https://bj.lianjia.com/ershoufang/101102811832.html
101103102262,金桥国际,广渠门,东城,520,63.35O,47.64O,塔楼,82084,1室1厅1厨1卫,高楼层 (共19层),平层,东,钢混结构,其他,两梯六户,集中供暖,有,70年,普通住宅,https://bj.lianjia.com/ershoufang/101103102262.html
101101932324,安化北里,广渠门,东城,670,74.62O,53.12O,塔楼,89789,2室1厅1厨1卫,低楼层 (共17层),平层,南,混合结构,简装,两梯八户,集中供暖,有,70年,普通住宅,https://bj.lianjia.com/ershoufang/101101932324.html
101102428270,京城仁合,广渠门,东城,1000,114.51O,89.52O,板塔结合,87329,2室1厅1厨2卫,顶层 (共16层),平层,南 西 北,钢混结构,精装,两梯三户,集中供暖,有,70年,普通住宅,https://bj.lianjia.com/ershoufang/101102428270.html
101102859490,夕照寺西里,广渠门,东城,495,56.04O,39.83O,板楼,88330,2室1厅1厨1卫,低楼层 (共6层),平层,东 北,混合结构,精装,一梯五户,集中供暖,无,70年,普通住宅,https://bj.lianjia.com/ershoufang/101102859490.html
101103109868,绿景馨园,广渠门,东城,700,70.57O,63.22O,板楼,99193,2室1厅1厨1卫,中楼层 (共6层),平层,南 北,钢混结构,其他,一梯四户,自供暖,无,70年,普通住宅,https://bj.lianjia.com/ershoufang/101103109868.html
101101395976,金世纪嘉园,广渠门,东城,660,77.95O,62.96O,塔楼,84670,1室1厅1厨1卫,中楼层 (共21层),平层,西南,钢混结构,精装,四梯十六户,集中供暖,有,70年,普通住宅,https://bj.lianjia.com/ershoufang/101101395976.html
101102462727,丽水湾畔家园,广渠门,东城,1065,139.91O,112.53O,塔楼,76121,3室1厅1厨2卫,中楼层 (共21层),平层,南 北,钢混结构,精装,两梯八户,集中供暖,有,70年,普通住宅,https://bj.lianjia.com/ershoufang/101102462727.html
101102468469,水上华城,广渠门,东城,1380,144.73O,113.05O,板楼,95350,3室2厅1厨2卫,低楼层 (共20层),平层,东 西,钢混结构,精装,两梯两户,集中供暖,有,70年,普通住宅,https://bj.lianjia.com/ershoufang/101102468469.html
101102765945,远洋德邑,广渠门,东城,1480,168.59O,138.84O,板塔结合,87787,3室1厅1厨2卫,中楼层 (共14层),平层,东南,钢混结构,简装,一梯四户,集中供暖,有,70年,普通住宅,https://bj.lianjia.com/ershoufang/101102765945.html
101102662649,安化北里,广渠门,东城,658,71.57O,50.6O,板楼,91938,3室1厅1厨1卫,中楼层 (共6层),平层,南 北,混合结构,毛坯,一梯三户,集中供暖,无,70年,普通住宅,https://bj.lianjia.com/ershoufang/101102662649.html
101102790765,冠城名敦道,广渠门,东城,1950,174.97O,130.31O,板楼,111448,3室1厅1厨2卫,中楼层 (共27层),平层,南 北,钢混结构,精装,两梯两户,集中供暖,有,70年,普通住宅,https://bj.lianjia.com/ershoufang/101102790765.html
101102881042,绿景馨园,广渠门,东城,880,89.45O,80.06O,板楼,98379,3室2厅1厨1卫,底层 (共6层),平层,东 南 北,钢混结构,简装,一梯三户,自供暖,无,70年,普通住宅,https://bj.lianjia.com/ershoufang/101102881042.html
101102929369,保利蔷薇,广渠门,东城,1000,95.14O,76.53O,板塔结合,105109,2室2厅1厨1卫,中楼层 (共16层),平层,东,钢混结构,精装,三梯十一户,集中供暖,有,70年,普通住宅,https://bj.lianjia.com/ershoufang/101102929369.html
101103045015,冠城名敦道,广渠门,东城,499,68.19O,48.06O,塔楼,73178,1室0厅1厨1卫,中楼层 (共23层),平层,东,钢混结构,精装,七梯二十三户,集中供暖,有,70年,普通住宅,https://bj.lianjia.com/ershoufang/101103045015.html
101103009661,广渠家园,广渠门,东城,530,62.02O,49.06O,塔楼,85457,2室1厅1厨1卫,顶层 (共28层),平层,西,钢混结构,简装,三梯十户,集中供暖,有,70年,普通住宅,https://bj.lianjia.com/ershoufang/101103009661.html
101101789373,远洋德邑,广渠门,东城,650,72.34O,57.21O,塔楼,89854,1室1厅1厨1卫,高楼层 (共22层),平层,西北,钢混结构,精装,三梯十三户,集中供暖,有,70年,普通住宅,https://bj.lianjia.com/ershoufang/101101789373.html
101102112049,冠城名敦道,广渠门,东城,790,131.74O,99.19O,塔楼,59967,1室1厅0厨1卫,中楼层 (共23层),平层,东北,钢混结构,精装,四梯十三户,集中供暖,有,70年,普通住宅,https://bj.lianjia.com/ershoufang/101102112049.html
101102571269,保利蔷薇,广渠门,东城,1020,94.04O,75.65O,板塔结合,108465,2室1厅1厨1卫,低楼层 (共16层),平层,南,钢混结构,精装,三梯十一户,集中供暖,有,70年,普通住宅,https://bj.lianjia.com/ershoufang/101102571269.html
101102953112,安化北里,广渠门,东城,620,69.66O,49.4O,塔楼,89004,2室1厅1厨1卫,中楼层 (共17层),平层,南,混合结构,精装,两梯八户,集中供暖,有,70年,普通住宅,https://bj.lianjia.com/ershoufang/101102953112.html
101103004249,保利蔷薇,广渠门,东城,620,59.25O,47.66O,板塔结合,104642,1室1厅1厨1卫,高楼层 (共16层),平层,北,钢混结构,精装,三梯十一户,集中供暖,有,70年,普通住宅,https://bj.lianjia.com/ershoufang/101103004249.html
101103021242,领行国际,广渠门,东城,935,133.21O,106.21O,板塔结合,70190,3室1厅1厨2卫,顶层 (共21层),暂无数据,西南,钢混结构,简装,三梯八户,集中供暖,有,70年,普通住宅,https://bj.lianjia.com/ershoufang/101103021242.html
101103072043,广渠家园,广渠门,东城,515,62.02O,49.06O,塔楼,83038,2室1厅1厨1卫,顶层 (共28层),平层,东,钢混结构,精装,三梯十户,集中供暖,有,70年,普通住宅,https://bj.lianjia.com/ershoufang/101103072043.html
101102739000,金世纪嘉园,广渠门,东城,800,91.11O,73.59O,塔楼,87806,2室1厅1厨1卫,低楼层 (共21层),平层,南 西 北,钢混结构,精装,四梯十六户,集中供暖,有,70年,普通住宅,https://bj.lianjia.com/ershoufang/101102739000.html
101102703673,金世纪嘉园,广渠门,东城,570,66.01O,52.39O,塔楼,86351,2室1厅1厨1卫,高楼层 (共21层),平层,南 西,钢混结构,其他,三梯十二户,集中供暖,有,70年,普通住宅,https://bj.lianjia.com/ershoufang/101102703673.html
101102820881,幸福北里,广渠门,东城,558,60.19O,42.2O,板楼,92707,2室1厅1厨1卫,低楼层 (共6层),平层,南 北,混合结构,其他,一梯两户,集中供暖,无,70年,普通住宅,https://bj.lianjia.com/ershoufang/101102820881.html
101103054871,远洋德邑,广渠门,东城,850,97.64O,77.22O,塔楼,87055,2室1厅1厨1卫,高楼层 (共22层),平层,东南,钢混结构,简装,三梯十二户,集中供暖,有,70年,普通住宅,https://bj.lianjia.com/ershoufang/101103054871.html
101102058322,水上华城,广渠门,东城,1375,147.91O,115.54O,板楼,92962,3室2厅1厨2卫,低楼层 (共20层),平层,东 西,钢混结构,精装,两梯两户,集中供暖,有,70年,普通住宅,https://bj.lianjia.com/ershoufang/101102058322.html
101102860708,水上华城,广渠门,东城,1600,164.3O,128.34O,板楼,97383,3室2厅1厨2卫,中楼层 (共20层),平层,东 西,钢混结构,精装,两梯两户,集中供暖,有,70年,普通住宅,https://bj.lianjia.com/ershoufang/101102860708.html
101102553445,冠城名敦道,广渠门,东城,1589,144.42O,107.56O,板楼,110027,2室2厅1厨1卫,底层 (共27层),平层,南 北,钢混结构,精装,两梯两户,集中供暖,有,70年,普通住宅,https://bj.lianjia.com/ershoufang/101102553445.html
101101710622,广渠门内大街,广渠门,东城,600,63.93O,45.11O,板塔结合,93853,2室1厅1厨1卫,低楼层 (共13层),平层,南,混合结构,精装,两梯六户,集中供暖,有,70年,普通住宅,https://bj.lianjia.com/ershoufang/101101710622.html
101102928240,保利蔷薇,广渠门,东城,960,86.11O,67.1O,板塔结合,111486,2室1厅1厨1卫,低楼层 (共16层),平层,东南 北,钢混结构,精装,两梯九户,集中供暖,有,70年,普通住宅,https://bj.lianjia.com/ershoufang/101102928240.html
101101128345,东环居苑,广渠门,东城,850,99.52O,79.82O,塔楼,85410,3室1厅1厨1卫,高楼层 (共22层),平层,东北,钢混结构,精装,三梯十一户,集中供暖,有,70年,普通住宅,https://bj.lianjia.com/ershoufang/101101128345.html
101102170548,光明西里,广渠门,东城,440,49.33O,暂无数据,板楼,89196,2室1厅1厨1卫,顶层 (共5层),平层,东 西,混合结构,精装,一梯三户,自供暖,无,70年,普通住宅,https://bj.lianjia.com/ershoufang/101102170548.html
101102919789,绿景苑,广渠门,东城,605,56.29O,44.7O,板塔结合,107480,2室1厅1厨1卫,中楼层 (共12层),平层,南 北,钢混结构,其他,一梯九户,集中供暖,有,70年,普通住宅,https://bj.lianjia.com/ershoufang/101102919789.html
101102993832,保利蔷薇,广渠门,东城,660,57.92O,46.59O,板塔结合,113951,2室1厅1厨1卫,低楼层 (共16层),平层,南,钢混结构,精装,两梯六户,集中供暖,有,70年,普通住宅,https://bj.lianjia.com/ershoufang/101102993832.html
101103038422,保利蔷薇,广渠门,东城,935,92.89O,74.42O,板塔结合,100657,2室1厅1厨1卫,中楼层 (共16层),平层,西,钢混结构,精装,两梯八户,集中供暖,有,70年,普通住宅,https://bj.lianjia.com/ershoufang/101103038422.html
101101735005,冠城名敦道,广渠门,东城,635,83.36O,61.19O,塔楼,76176,1室0厅0厨0卫,中楼层 (共23层),平层,西南,钢混结构,精装,四梯十三户,集中供暖,有,70年,普通住宅,https://bj.lianjia.com/ershoufang/101101735005.html
101102231225,北京上舍,广渠门,东城,588,64.68O,50.16O,塔楼,90910,1室0厅1厨1卫,高楼层 (共15层),平层,北,钢混结构,精装,两梯九户,集中供暖,有,70年,普通住宅,https://bj.lianjia.com/ershoufang/101102231225.html
101102599518,保利蔷薇,广渠门,东城,880,86.45O,67.37O,板塔结合,101793,2室1厅1厨1卫,中楼层 (共16层),平层,东南,钢混结构,精装,两梯九户,集中供暖,有,70年,普通住宅,https://bj.lianjia.com/ershoufang/101102599518.html
101102682436,水上华城,广渠门,东城,850,83.62O,65.66O,板塔结合,101651,1室1厅1厨1卫,低楼层 (共24层),平层,北,钢混结构,精装,三梯七户,集中供暖,有,70年,普通住宅,https://bj.lianjia.com/ershoufang/101102682436.html
101101911754,幸福家园三期,广渠门,东城,770,70.33O,56.35O,板塔结合,109484,1室1厅1厨1卫,顶层 (共8层),平层,西,钢混结构,简装,一梯四户,集中供暖,有,70年,普通住宅,https://bj.lianjia.com/ershoufang/101101911754.html
101102534675,领行国际,广渠门,东城,730,95.33O,76.01O,板塔结合,76577,2室1厅1厨1卫,低楼层 (共21层),平层,东北,钢混结构,简装,三梯八户,集中供暖,有,70年,公寓,https://bj.lianjia.com/ershoufang/101102534675.html
101102644561,幸福家园三期,广渠门,东城,1288,122.45O,97.97O,板塔结合,105186,3室1厅1厨2卫,低楼层 (共12层),平层,东 西,钢混结构,其他,一梯三户,集中供暖,有,70年,普通住宅,https://bj.lianjia.com/ershoufang/101102644561.html
101102654031,冠城名敦道,广渠门,东城,505,63.73O,44.92O,塔楼,79241,1室0厅1厨1卫,低楼层 (共23层),平层,西,钢混结构,精装,七梯二十三户,集中供暖,有,70年,普通住宅,https://bj.lianjia.com/ershoufang/101102654031.html
101102775303,金世纪嘉园,广渠门,东城,600,61.3O,49.51O,塔楼,97880,1室1厅1厨1卫,中楼层 (共21层),平层,西南,钢混结构,精装,四梯十六户,集中供暖,有,70年,普通住宅,https://bj.lianjia.com/ershoufang/101102775303.html
101102381242,远洋德邑,广渠门,东城,980,110.95O,87.74O,塔楼,88329,2室1厅1厨1卫,低楼层 (共22层),平层,东北,钢混结构,简装,三梯十三户,集中供暖,有,70年,普通住宅,https://bj.lianjia.com/ershoufang/101102381242.html
101102720533,广和里,广渠门,朝阳,798,133.06O,暂无数据,板楼,59973,3室3厅1厨2卫,顶层 (共6层),跃层,南 北,混合结构,其他,一梯两户,集中供暖,无,70年,普通住宅,https://bj.lianjia.com/ershoufang/101102720533.html
101103062860,水上华城,广渠门,东城,698,66.54O,53.63O,板塔结合,104900,1室2厅1厨1卫,高楼层 (共20层),平层,西,钢混结构,精装,两梯八户,集中供暖,有,70年,普通住宅,https://bj.lianjia.com/ershoufang/101103062860.html
101103091983,广渠门外南街,广渠门,朝阳,455,57.62O,40.9O,板楼,78966,2室1厅1厨1卫,底层 (共6层),平层,东 南,混合结构,其他,一梯两户,集中供暖,无,70年,普通住宅,https://bj.lianjia.com/ershoufang/101103091983.html
101102644289,金桥国际,广渠门,东城,570,71.44O,53.73O,塔楼,79788,1室1厅1厨1卫,中楼层 (共21层),平层,北,钢混结构,其他,两梯十六户,集中供暖,有,70年,普通住宅,https://bj.lianjia.com/ershoufang/101102644289.html
101102212441,培新街乙5号院,广渠门,东城,730,69.03O,48.44O,板塔结合,105752,2室1厅1厨1卫,高楼层 (共16层),平层,东 西,钢混结构,精装,三梯三户,集中供暖,有,70年,普通住宅,https://bj.lianjia.com/ershoufang/101102212441.html
101102589414,绿景苑,广渠门,东城,830,89.28O,75.11O,塔楼,92966,2室1厅1厨1卫,中楼层 (共18层),平层,北,钢混结构,精装,两梯八户,集中供暖,有,70年,普通住宅,https://bj.lianjia.com/ershoufang/101102589414.html
101102912368,北京上舍,广渠门,东城,950,94.46O,72.75O,塔楼,100572,2室1厅1厨1卫,低楼层 (共15层),平层,东 西,钢混结构,精装,两梯十户,集中供暖,有,70年,普通住宅,https://bj.lianjia.com/ershoufang/101102912368.html
101102965792,光明楼,广渠门,东城,900,100.45O,暂无数据,板楼,89597,3室2厅1厨1卫,底层 (共6层),平层,南 北,混合结构,其他,一梯两户,集中供暖,无,70年,普通住宅,https://bj.lianjia.com/ershoufang/101102965792.html
101102968404,金桥国际,广渠门,东城,480,55.1O,41.44O,塔楼,87115,1室1厅1厨1卫,高楼层 (共19层),平层,东 北,钢混结构,精装,两梯十六户,集中供暖,有,70年,普通住宅,https://bj.lianjia.com/ershoufang/101102968404.html
101102142319,领行国际,广渠门,东城,485,62.22O,49.61O,板塔结合,77950,1室1厅1厨1卫,中楼层 (共21层),平层,北,钢混结构,精装,三梯八户,集中供暖,有,70年,公寓,https://bj.lianjia.com/ershoufang/101102142319.html
101101178137,金世纪嘉园,广渠门,东城,570,64.01O,51.7O,塔楼,89049,1室1厅1厨1卫,高楼层 (共21层),平层,西,钢混结构,精装,四梯十六户,集中供暖,有,70年,普通住宅,https://bj.lianjia.com/ershoufang/101101178137.html
101101285495,安化南里,广渠门,东城,560,60.87O,49.19O,塔楼,92000,1室1厅1厨1卫,中楼层 (共16层),平层,东南,钢混结构,毛坯,四梯十八户,自供暖,有,70年,普通住宅,https://bj.lianjia.com/ershoufang/101101285495.html
101102001087,水上华城,广渠门,东城,810,83.62O,65.66O,板塔结合,96867,2室1厅1厨1卫,高楼层 (共24层),平层,北,钢混结构,精装,三梯七户,集中供暖,有,70年,普通住宅,https://bj.lianjia.com/ershoufang/101102001087.html
101102937663,绿景馨园,广渠门,东城,720,72.3O,64.77O,板楼,99586,2室1厅1厨1卫,底层 (共6层),平层,南 北,钢混结构,其他,一梯三户,自供暖,无,70年,普通住宅,https://bj.lianjia.com/ershoufang/101102937663.html
101103000832,金桥国际,广渠门,东城,565,75.17O,56.53O,塔楼,75163,1室1厅1厨1卫,中楼层 (共27层),平层,西,钢混结构,其他,四梯十六户,集中供暖,有,70年,普通住宅,https://bj.lianjia.com/ershoufang/101103000832.html
101102404877,光明楼,广渠门,东城,650,79.4O,暂无数据,板楼,81864,3室1厅1厨1卫,底层 (共4层),平层,东 南 西,混合结构,简装,一梯两户,集中供暖,无,70年,普通住宅,https://bj.lianjia.com/ershoufang/101102404877.html
101102077592,富瑞苑,广渠门,东城,880,133.62O,80O,塔楼,65859,2室1厅1厨1卫,中楼层 (共18层),平层,西北,混合结构,其他,三梯十二户,集中供暖,有,70年,普通住宅,https://bj.lianjia.com/ershoufang/101102077592.html
101102667019,金世纪嘉园,广渠门,东城,960,103.76O,85.64O,塔楼,92522,2室1厅1厨2卫,中楼层 (共18层),平层,东南,钢混结构,精装,两梯十户,集中供暖,有,70年,普通住宅,https://bj.lianjia.com/ershoufang/101102667019.html
101102704112,远洋德邑,广渠门,东城,1120,127.42O,100.77O,塔楼,87899,3室2厅1厨1卫,中楼层 (共22层),平层,南,钢混结构,其他,三梯十二户,集中供暖,有,70年,普通住宅,https://bj.lianjia.com/ershoufang/101102704112.html
101102728725,光明楼,广渠门,东城,535,63.33O,暂无数据,板楼,84479,3室1厅1厨1卫,中楼层 (共4层),平层,南 北,混合结构,其他,一梯两户,集中供暖,无,70年,普通住宅,https://bj.lianjia.com/ershoufang/101102728725.html
101102738995,培新街乙5号院,广渠门,东城,790,75.3O,暂无数据,板塔结合,104914,2室1厅1厨1卫,低楼层 (共16层),平层,东南,钢混结构,简装,三梯三户,集中供暖,有,70年,普通住宅,https://bj.lianjia.com/ershoufang/101102738995.html
101102769509,水上华城,广渠门,东城,1220,117.66O,92.97O,板塔结合,103689,2室2厅1厨1卫,高楼层 (共23层),平层,南,钢混结构,其他,两梯七户,集中供暖,有,70年,普通住宅,https://bj.lianjia.com/ershoufang/101102769509.html
101102892260,忠实里,广渠门,东城,560,61.59O,43.29O,板楼,90924,2室1厅1厨1卫,低楼层 (共14层),平层,东,混合结构,精装,一梯六户,集中供暖,有,70年,普通住宅,https://bj.lianjia.com/ershoufang/101102892260.html
101102110555,幸福南里,广渠门,东城,488,55.05O,38.34O,板楼,88647,2室1厅1厨1卫,高楼层 (共6层),平层,南 北,混合结构,简装,一梯三户,自供暖,无,70年,普通住宅,https://bj.lianjia.com/ershoufang/101102110555.html
101102250247,幸福家园三期,广渠门,东城,1000,130.01O,102.17O,板塔结合,76918,3室1厅1厨2卫,低楼层 (共12层),平层,南,钢混结构,简装,两梯九户,集中供暖,有,70年,普通住宅,https://bj.lianjia.com/ershoufang/101102250247.html
101102461767,保利蔷薇,广渠门,东城,1100,98.54O,79.27O,板塔结合,111630,2室1厅1厨1卫,低楼层 (共16层),平层,南 北,钢混结构,精装,两梯六户,集中供暖,有,70年,普通住宅,https://bj.lianjia.com/ershoufang/101102461767.html
101102650790,光明中街,广渠门,东城,590,69.18O,49.74O,板楼,85285,3室1厅1厨1卫,顶层 (共6层),平层,东 西,混合结构,其他,一梯三户,集中供暖,暂无数据,70年,普通住宅,https://bj.lianjia.com/ershoufang/101102650790.html
101102788415,幸福家园三期,广渠门,东城,1000,89.89O,71.92O,板塔结合,111248,2室1厅1厨1卫,低楼层 (共12层),平层,东北,钢混结构,其他,一梯三户,集中供暖,有,70年,普通住宅,https://bj.lianjia.com/ershoufang/101102788415.html
101102907572,冠城名敦道,广渠门,东城,670,107.02O,75.43O,塔楼,62606,1室1厅1厨2卫,中楼层 (共23层),平层,东,钢混结构,精装,七梯二十三户,集中供暖,有,70年,普通住宅,https://bj.lianjia.com/ershoufang/101102907572.html
101102963330,绿景苑,广渠门,东城,900,91.5O,暂无数据,板塔结合,98361,3室1厅1厨1卫,高楼层 (共14层),平层,东北,钢混结构,精装,三梯二十二户,集中供暖,有,70年,普通住宅,https://bj.lianjia.com/ershoufang/101102963330.html
101102302318,东环居苑,广渠门,东城,550,65.08O,52.2O,塔楼,84512,1室1厅1厨1卫,中楼层 (共22层),平层,西南,钢混结构,精装,三梯十一户,集中供暖,有,70年,普通住宅,https://bj.lianjia.com/ershoufang/101102302318.html
101102514793,冠城名敦道,广渠门,东城,500,77.24O,58.16O,塔楼,64734,1室0厅1厨1卫,中楼层 (共23层),平层,东,钢混结构,简装,四梯十三户,集中供暖,有,70年,普通住宅,https://bj.lianjia.com/ershoufang/101102514793.html
101102557168,幸福北里,广渠门,东城,495,52.14O,暂无数据,板楼,94937,2室0厅1厨1卫,底层 (共3层),平层,南 北,砖混结构,简装,一梯七户,集中供暖,无,70年,普通住宅,https://bj.lianjia.com/ershoufang/101102557168.html
101102622646,培新街乙5号院,广渠门,东城,780,75.3O,53O,板塔结合,103586,2室1厅1厨1卫,中楼层 (共16层),平层,东南,钢混结构,其他,三梯三户,集中供暖,有,70年,普通住宅,https://bj.lianjia.com/ershoufang/101102622646.html
101102743093,广和里,广渠门,朝阳,300,50.57O,暂无数据,板楼,59324,2室1厅1厨1卫,中楼层 (共6层),平层,南,混合结构,其他,一梯两户,集中供暖,无,70年,普通住宅,https://bj.lianjia.com/ershoufang/101102743093.html
101102752531,冠城名敦道,广渠门,东城,540,86.56O,65.08O,塔楼,62385,1室1厅0厨0卫,中楼层 (共23层),平层,西,钢混结构,精装,四梯十三户,集中供暖,有,70年,普通住宅,https://bj.lianjia.com/ershoufang/101102752531.html
101102873877,京禧阁,广渠门,东城,1070,117.84O,96.66O,塔楼,90802,2室2厅1厨2卫,低楼层 (共22层),平层,西南,钢混结构,精装,四梯十户,集中供暖,有,70年,普通住宅,https://bj.lianjia.com/ershoufang/101102873877.html
101102931398,保利蔷薇,广渠门,东城,930,88.06O,70.55O,板塔结合,105610,2室1厅1厨1卫,中楼层 (共16层),平层,东,钢混结构,精装,两梯八户,集中供暖,有,70年,普通住宅,https://bj.lianjia.com/ershoufang/101102931398.html
101102942959,领行国际,广渠门,东城,730,95.75O,76.34O,板塔结合,76241,2室1厅1厨1卫,中楼层 (共21层),平层,西北,钢混结构,其他,三梯八户,集中供暖,有,70年,普通住宅,https://bj.lianjia.com/ershoufang/101102942959.html
101102921522,北京上舍,广渠门,东城,1330,132.15O,102.48O,塔楼,100644,3室2厅1厨1卫,中楼层 (共15层),平层,东南,钢混结构,精装,两梯九户,集中供暖,有,70年,普通住宅,https://bj.lianjia.com/ershoufang/101102921522.html
101102630413,东方财富,广渠门,东城,490,51.61O,38.74O,板塔结合,94943,1室0厅1厨1卫,低楼层 (共15层),平层,北,钢混结构,简装,四梯二十七户,集中供暖,有,70年,普通住宅,https://bj.lianjia.com/ershoufang/101102630413.html
101102383713,金桥国际,广渠门,东城,570,71.44O,53.73O,塔楼,79788,1室1厅1厨1卫,低楼层 (共21层),平层,北,钢混结构,精装,两梯十六户,集中供暖,有,70年,普通住宅,https://bj.lianjia.com/ershoufang/101102383713.html
101102429080,南水关,广渠门,东城,545,59.16O,暂无数据,板楼,92124,2室1厅1厨1卫,高楼层 (共6层),平层,东 西,混合结构,简装,一梯两户,集中供暖,无,70年,普通住宅,https://bj.lianjia.com/ershoufang/101102429080.html
101102618144,安化南里,广渠门,东城,805,86.6O,69.98O,塔楼,92957,2室1厅1厨1卫,底层 (共16层),平层,西北,钢混结构,精装,四梯十八户,自供暖,有,70年,普通住宅,https://bj.lianjia.com/ershoufang/101102618144.html
101102622919,幸福家园二期,广渠门,东城,720,65.48O,50.89O,板塔结合,109958,2室1厅1厨1卫,高楼层 (共13层),平层,北,钢混结构,其他,一梯四户,集中供暖,有,70年,普通住宅,https://bj.lianjia.com/ershoufang/101102622919.html
101102662816,金世纪嘉园,广渠门,东城,540,66.91O,53.1O,塔楼,80706,1室1厅1厨1卫,低楼层 (共21层),平层,西南 北,钢混结构,其他,三梯十二户,集中供暖,有,70年,普通住宅,https://bj.lianjia.com/ershoufang/101102662816.html
101102871695,冠城名敦道,广渠门,东城,510,61.7O,43.49O,塔楼,82659,1室1厅1厨1卫,中楼层 (共23层),平层,西北,钢混结构,精装,七梯二十三户,集中供暖,有,70年,普通住宅,https://bj.lianjia.com/ershoufang/101102871695.html
101102700972,保利蔷薇,广渠门,东城,710,67.99O,52.98O,板塔结合,104428,1室1厅1厨1卫,中楼层 (共16层),平层,东 西,钢混结构,其他,两梯九户,集中供暖,有,70年,普通住宅,https://bj.lianjia.com/ershoufang/101102700972.html
101102822860,金世纪嘉园,广渠门,东城,880,103.65O,81.85O,塔楼,84902,3室1厅1厨1卫,底层 (共21层),平层,南 北,钢混结构,其他,三梯十二户,集中供暖,有,70年,普通住宅,https://bj.lianjia.com/ershoufang/101102822860.html
101102013760,领行国际,广渠门,东城,450,58.46O,46.61O,板塔结合,76976,1室1厅1厨1卫,中楼层 (共21层),暂无数据,北,钢混结构,简装,三梯八户,集中供暖,有,70年,公寓,https://bj.lianjia.com/ershoufang/101102013760.html
101102267527,金世纪嘉园,广渠门,东城,580,64.6O,52.18O,塔楼,89784,1室1厅1厨1卫,高楼层 (共21层),平层,东,钢混结构,精装,四梯十六户,集中供暖,有,70年,普通住宅,https://bj.lianjia.com/ershoufang/101102267527.html
101102751908,冠城名敦道,广渠门,东城,795,131.93O,99.19O,塔楼,60260,1室1厅0厨1卫,中楼层 (共23层),平层,西北,钢混结构,精装,四梯十三户,集中供暖,有,70年,普通住宅,https://bj.lianjia.com/ershoufang/101102751908.html
101101712503,京城仁合,广渠门,东城,800,101.64O,81.01O,板塔结合,78710,1室1厅1厨1卫,底层 (共16层),平层,南 北,钢混结构,简装,一梯两户,集中供暖,有,70年,普通住宅,https://bj.lianjia.com/ershoufang/101101712503.html
101101949843,水上华城,广渠门,东城,2560,266.01O,219.66O,板塔结合,96237,4室2厅1厨2卫,低楼层 (共23层),暂无数据,南 北,钢混结构,其他,两梯两户,集中供暖,有,70年,普通住宅,https://bj.lianjia.com/ershoufang/101101949843.html
101102027444,安化南里,广渠门,东城,550,60.65O,49.01O,塔楼,90685,1室1厅1厨1卫,底层 (共16层),平层,东 南,钢混结构,精装,四梯十八户,自供暖,有,70年,普通住宅,https://bj.lianjia.com/ershoufang/101102027444.html
101102528823,东方财富,广渠门,东城,605,69.71O,52.32O,板塔结合,86789,1室1厅1厨1卫,中楼层 (共15层),平层,东北,钢混结构,精装,四梯二十七户,集中供暖,有,70年,普通住宅,https://bj.lianjia.com/ershoufang/101102528823.html
101102679221,冠城名敦道,广渠门,东城,500,93.27O,70.12O,塔楼,53608,1室1厅0厨0卫,中楼层 (共23层),平层,西,钢混结构,简装,四梯十三户,集中供暖,有,70年,普通住宅,https://bj.lianjia.com/ershoufang/101102679221.html
101102897601,金桥国际,广渠门,东城,620,73.93O,55.6O,塔楼,83864,1室1厅1厨1卫,中楼层 (共27层),平层,南,钢混结构,精装,四梯十六户,集中供暖,有,70年,普通住宅,https://bj.lianjia.com/ershoufang/101102897601.html
101102592827,水上华城,广渠门,东城,535,51.1O,41.19O,板塔结合,104697,1室0厅0厨0卫,中楼层 (共23层),平层,北,钢混结构,简装,三梯七户,集中供暖,有,70年,普通住宅,https://bj.lianjia.com/ershoufang/101102592827.html
101102791272,培新街乙5号院,广渠门,东城,770,70.72O,59.63O,板塔结合,108881,2室1厅1厨1卫,中楼层 (共16层),平层,东南,钢混结构,简装,三梯三户,集中供暖,有,70年,普通住宅,https://bj.lianjia.com/ershoufang/101102791272.html
101102524222,水上华城,广渠门,东城,2580,266.01O,219.66O,板塔结合,96989,4室2厅1厨3卫,低楼层 (共23层),暂无数据,南 北,钢混结构,精装,两梯两户,集中供暖,有,70年,普通住宅,https://bj.lianjia.com/ershoufang/101102524222.html
101101692468,绿景苑,广渠门,东城,485,46.23O,36.71O,板塔结合,104911,1室1厅1厨1卫,低楼层 (共12层),平层,南,钢混结构,精装,一梯九户,集中供暖,有,70年,普通住宅,https://bj.lianjia.com/ershoufang/101101692468.html
101102439537,金世纪嘉园,广渠门,东城,630,68.27O,55.14O,塔楼,92281,1室1厅1厨1卫,中楼层 (共21层),平层,东,钢混结构,其他,四梯十六户,集中供暖,有,70年,普通住宅,https://bj.lianjia.com/ershoufang/101102439537.html
101102830612,保利蔷薇,广渠门,东城,478,44.34O,34.55O,板塔结合,107804,1室0厅1厨1卫,底层 (共16层),平层,南,钢混结构,精装,两梯三户,集中供暖,有,70年,普通住宅,https://bj.lianjia.com/ershoufang/101102830612.html
101102841208,安化北里,广渠门,东城,498,57.55O,39.8O,塔楼,86534,1室1厅1厨1卫,低楼层 (共17层),平层,南,混合结构,简装,两梯八户,集中供暖,有,70年,普通住宅,https://bj.lianjia.com/ershoufang/101102841208.html
101102991102,广渠门内大街,广渠门,东城,635,69.8O,49.51O,板塔结合,90975,2室1厅1厨1卫,低楼层 (共13层),平层,南 北,混合结构,简装,两梯六户,集中供暖,有,70年,普通住宅,https://bj.lianjia.com/ershoufang/101102991102.html
101103023539,绿景苑,广渠门,东城,1400,145.89O,暂无数据,板楼,95963,3室2厅1厨2卫,中楼层 (共14层),暂无数据,南 西 北,钢混结构,精装,一梯两户,集中供暖,有,70年,普通住宅,https://bj.lianjia.com/ershoufang/101103023539.html
101103060057,领行国际,广渠门,东城,430,58.06O,暂无数据,板塔结合,74062,1室1厅1厨1卫,低楼层 (共21层),平层,北,钢混结构,简装,三梯八户,集中供暖,有,70年,公寓,https://bj.lianjia.com/ershoufang/101103060057.html
101102942714,东方财富,广渠门,东城,425,45.29O,33.99O,板塔结合,93840,1室0厅1厨1卫,低楼层 (共15层),平层,东,钢混结构,精装,四梯二十七户,集中供暖,有,70年,普通住宅,https://bj.lianjia.com/ershoufang/101102942714.html
101101765985,绿景馨园,广渠门,东城,730,78.44O,70.33O,板楼,93065,2室1厅1厨1卫,低楼层 (共6层),平层,南 北,钢混结构,简装,一梯两户,自供暖,无,70年,普通住宅,https://bj.lianjia.com/ershoufang/101101765985.html
101102825062,领行国际,广渠门,东城,710,95.75O,76.34O,板塔结合,74152,2室1厅1厨1卫,中楼层 (共21层),平层,东北,钢混结构,简装,三梯八户,集中供暖,有,70年,公寓,https://bj.lianjia.com/ershoufang/101102825062.html
101102013755,领行国际,广渠门,东城,480,62.22O,49.61O,板塔结合,77146,1室1厅1厨1卫,中楼层 (共21层),暂无数据,北,钢混结构,简装,三梯八户,集中供暖,有,70年,公寓,https://bj.lianjia.com/ershoufang/101102013755.html
101101678082,冠城名敦道,广渠门,东城,480,76.65O,58.23O,塔楼,62623,1室0厅0厨1卫,中楼层 (共23层),平层,西,钢混结构,简装,四梯十三户,集中供暖,有,70年,普通住宅,https://bj.lianjia.com/ershoufang/101101678082.html
101102768075,幸福南里,广渠门,东城,450,50.14O,34.66O,板楼,89749,2室1厅1厨1卫,中楼层 (共6层),平层,东北,混合结构,简装,一梯三户,自供暖,无,70年,普通住宅,https://bj.lianjia.com/ershoufang/101102768075.html
101102448990,水上华城,广渠门,东城,1980,213.41O,176.23O,板塔结合,92780,3室2厅1厨2卫,高楼层 (共23层),暂无数据,南 北,钢混结构,精装,两梯两户,集中供暖,有,70年,普通住宅,https://bj.lianjia.com/ershoufang/101102448990.html
101101911395,自由季,广渠门,东城,260,54.25O,42.08O,板塔结合,47927,1房间1卫,低楼层 (共10层),平层,南,钢混结构,精装,三梯二十户,集中供暖,有,50年,商业办公类,https://bj.lianjia.com/ershoufang/101101911395.html
101102463585,自由季,广渠门,东城,265,53.36O,41.39O,板塔结合,49663,2房间1卫,低楼层 (共10层),平层,东 西 北,钢混结构,其他,三梯二十六户,集中供暖,有,50年,商业办公类,https://bj.lianjia.com/ershoufang/101102463585.html
101103008752,广和里,广渠门,朝阳,280,48.62O,暂无数据,板楼,57590,2室1厅1厨1卫,高楼层 (共6层),平层,南 北,混合结构,简装,一梯两户,集中供暖,无,70年,普通住宅,https://bj.lianjia.com/ershoufang/101103008752.html
101102751974,金世纪嘉园,广渠门,东城,540,63.33O,50.01O,塔楼,85268,1室1厅1厨1卫,中楼层 (共21层),平层,西南,钢混结构,简装,三梯十三户,集中供暖,有,70年,普通住宅,https://bj.lianjia.com/ershoufang/101102751974.html
101102438684,自由季,广渠门,东城,230,55.99O,43.43O,板塔结合,41079,1房间1卫,中楼层 (共10层),平层,西,钢混结构,精装,三梯二十户,集中供暖,有,50年,商业办公类,https://bj.lianjia.com/ershoufang/101102438684.html
101102691295,自由季,广渠门,东城,200,45.16O,35.03O,板塔结合,44287,1房间1卫,低楼层 (共10层),平层,西 北,钢混结构,精装,三梯二十六户,集中供暖,有,50年,商业办公类,https://bj.lianjia.com/ershoufang/101102691295.html
101102917028,幸福南里,广渠门,东城,568,71.1O,暂无数据,板楼,79888,3室1厅1厨1卫,低楼层 (共3层),平层,南,混合结构,其他,一梯四户,自供暖,无,70年,普通住宅,https://bj.lianjia.com/ershoufang/101102917028.html
101102191457,自由季,广渠门,东城,206,51.49O,39.94O,板塔结合,40008,1房间1卫,顶层 (共10层),平层,西,钢混结构,精装,三梯二十六户,集中供暖,有,50年,商业办公类,https://bj.lianjia.com/ershoufang/101102191457.html
101102107228,幸福北里,广渠门,东城,580,68.35O,暂无数据,板楼,84858,2室1厅1厨1卫,顶层 (共4层),平层,东 西,混合结构,简装,一梯三户,集中供暖,无,70年,普通住宅,https://bj.lianjia.com/ershoufang/101102107228.html
101102265803,金桥国际,广渠门,东城,1147,134.99O,60.59O,塔楼,84970,2室1厅1厨2卫,高楼层 (共27层),跃层,东,钢混结构,简装,四梯十四户,集中供暖,有,70年,普通住宅,https://bj.lianjia.com/ershoufang/101102265803.html
101102651271,自由季,广渠门,东城,230,55.99O,43.43O,板塔结合,41079,3房间1卫,中楼层 (共10层),平层,西,钢混结构,精装,三梯二十六户,集中供暖,有,50年,商业办公类,https://bj.lianjia.com/ershoufang/101102651271.html
101102395967,幸福家园三期,广渠门,东城,865,96.69O,75.99O,板塔结合,89462,2室1厅1厨1卫,高楼层 (共12层),暂无数据,北,钢混结构,简装,两梯九户,集中供暖,有,70年,普通住宅,https://bj.lianjia.com/ershoufang/101102395967.html
101102973010,领行国际,广渠门,东城,1150,147.96O,117.97O,板塔结合,77724,3室1厅1厨1卫,中楼层 (共21层),暂无数据,西南,钢混结构,简装,三梯八户,集中供暖,有,70年,普通住宅,https://bj.lianjia.com/ershoufang/101102973010.html
101102983044,领行国际,广渠门,东城,745,95.75O,76.34O,板塔结合,77807,2室1厅1厨1卫,低楼层 (共21层),暂无数据,东 北,钢混结构,毛坯,三梯八户,集中供暖,有,70年,普通住宅,https://bj.lianjia.com/ershoufang/101102983044.html
101103116150,冠城名敦道,广渠门,东城,530,60.62O,42.73O,塔楼,87430,1室1厅1厨1卫,中楼层 (共23层),平层,西南,钢混结构,精装,七梯二十三户,集中供暖,有,70年,普通住宅,https://bj.lianjia.com/ershoufang/101103116150.html
101101133684,北京上舍,广渠门,东城,2730,278.79O,250.4O,板楼,97924,4室2厅1厨3卫,中楼层 (共6层),暂无数据,东 西,钢混结构,精装,一梯两户,集中供暖,无,70年,普通住宅,https://bj.lianjia.com/ershoufang/101101133684.html
101102983011,领行国际,广渠门,东城,1037,133.21O,106.21O,板塔结合,77848,3室1厅1厨1卫,低楼层 (共21层),暂无数据,东南,钢混结构,毛坯,三梯八户,集中供暖,有,70年,普通住宅,https://bj.lianjia.com/ershoufang/101102983011.html
101102983023,领行国际,广渠门,东城,1152,147.96O,117.97O,板塔结合,77859,3室1厅1厨1卫,低楼层 (共21层),暂无数据,西南,钢混结构,其他,三梯八户,集中供暖,有,70年,普通住宅,https://bj.lianjia.com/ershoufang/101102983023.html
101102983029,领行国际,广渠门,东城,817,104.99O,83.71O,板塔结合,77817,2室1厅1厨1卫,低楼层 (共21层),暂无数据,西南,钢混结构,其他,三梯八户,集中供暖,有,70年,普通住宅,https://bj.lianjia.com/ershoufang/101102983029.html
101102983034,领行国际,广渠门,东城,961,123.44O,98.42O,板塔结合,77852,2室1厅1厨1卫,低楼层 (共21层),暂无数据,南 北,钢混结构,毛坯,三梯八户,集中供暖,有,70年,普通住宅,https://bj.lianjia.com/ershoufang/101102983034.html
101102983039,领行国际,广渠门,东城,455,58.46O,46.61O,板塔结合,77831,1室0厅1厨1卫,低楼层 (共21层),暂无数据,北,钢混结构,毛坯,三梯八户,集中供暖,有,70年,普通住宅,https://bj.lianjia.com/ershoufang/101102983039.html
101102983042,领行国际,广渠门,东城,484,62.22O,49.61O,板塔结合,77789,1室0厅1厨1卫,低楼层 (共21层),暂无数据,北,钢混结构,毛坯,三梯八户,集中供暖,有,70年,普通住宅,https://bj.lianjia.com/ershoufang/101102983042.html
101102983048,领行国际,广渠门,东城,826,106.08O,84.58O,板塔结合,77866,1室1厅1厨1卫,低楼层 (共21层),暂无数据,东,钢混结构,毛坯,三梯八户,集中供暖,有,70年,普通住宅,https://bj.lianjia.com/ershoufang/101102983048.html
101102925720,领行国际,广渠门,东城,485,62.22O,49.61O,板塔结合,77950,1室0厅1厨1卫,高楼层 (共21层),暂无数据,北,钢混结构,简装,三梯八户,集中供暖,有,70年,普通住宅,https://bj.lianjia.com/ershoufang/101102925720.html
101102835598,南水关,广渠门,东城,570,62.05O,43.8O,板楼,91862,2室1厅1厨1卫,中楼层 (共14层),平层,南 北,混合结构,精装,一梯七户,集中供暖,有,70年,普通住宅,https://bj.lianjia.com/ershoufang/101102835598.html
101101972924,板厂新里,广渠门,东城,695,80.15O,暂无数据,塔楼,86713,3室1厅1厨1卫,高楼层 (共18层),暂无数据,西北,混合结构,精装,一梯八户,集中供暖,暂无数据,70年,普通住宅,https://bj.lianjia.com/ershoufang/101101972924.html
101103013185,冠城名敦道,广渠门,东城,470,76.63O,57.7O,塔楼,61334,1室1厅0厨0卫,中楼层 (共23层),暂无数据,西,钢混结构,简装,四梯十三户,集中供暖,有,70年,普通住宅,https://bj.lianjia.com/ershoufang/101103013185.html
101102200605,幸福家园三期,广渠门,东城,860,111.17O,86.71O,板塔结合,77359,2室1厅1厨1卫,低楼层 (共12层),暂无数据,东 西,钢混结构,简装,两梯九户,集中供暖,有,70年,普通住宅,https://bj.lianjia.com/ershoufang/101102200605.html
101102451920,幸福北里,广渠门,东城,565,58.73O,暂无数据,板楼,96203,3室1厅1厨1卫,中楼层 (共6层),暂无数据,东南 北,混合结构,其他,一梯四户,集中供暖,无,70年,普通住宅,https://bj.lianjia.com/ershoufang/101102451920.html
101102095400,安化南里,广渠门,东城,565,60.87O,49.19O,塔楼,92821,1室1厅1厨1卫,中楼层 (共16层),暂无数据,东南,钢混结构,简装,四梯十八户,自供暖,有,70年,普通住宅,https://bj.lianjia.com/ershoufang/101102095400.html
101102793454,幸福家园三期,广渠门,东城,1000,130.01O,102.17O,板塔结合,76918,3室1厅1厨1卫,中楼层 (共12层),暂无数据,南,钢混结构,精装,两梯九户,集中供暖,有,70年,普通住宅,https://bj.lianjia.com/ershoufang/101102793454.html
101103095399,幸福家园三期,广渠门,东城,800,100.31O,78.83O,板塔结合,79753,2室1厅1厨1卫,中楼层 (共12层),暂无数据,北,钢混结构,其他,两梯九户,集中供暖,有,70年,普通住宅,https://bj.lianjia.com/ershoufang/101103095399.html
101103117288,幸福家园二期,广渠门,东城,888,86.68O,69.01O,板楼,102446,2室1厅1厨1卫,低楼层 (共18层),平层,北,钢混结构,其他,两梯六户,集中供暖,有,70年,普通住宅,https://bj.lianjia.com/ershoufang/101103117288.html
101102673772,远洋德邑,广渠门,东城,995,131.9O,104.31O,塔楼,75436,3室1厅1厨1卫,低楼层 (共22层),平层,东,钢混结构,简装,三梯十三户,集中供暖,有,70年,普通住宅,https://bj.lianjia.com/ershoufang/101102673772.html
101102616852,领行国际,广渠门,东城,465,62.22O,49.61O,板塔结合,74735,1室1厅1厨1卫,高楼层 (共21层),平层,北,钢混结构,简装,三梯八户,集中供暖,有,70年,普通住宅,https://bj.lianjia.com/ershoufang/101102616852.html
101102726485,水上华城,广渠门,东城,1770,196.89O,153.8O,板楼,89898,3室2厅1厨2卫,高楼层 (共20层),暂无数据,东 西,钢混结构,简装,两梯两户,集中供暖,有,70年,普通住宅,https://bj.lianjia.com/ershoufang/101102726485.html
101103069640,冠城名敦道,广渠门,东城,1880,179.31O,133.54O,板楼,104847,3室2厅1厨2卫,低楼层 (共27层),平层,南 北,钢混结构,精装,两梯两户,集中供暖,有,70年,普通住宅,https://bj.lianjia.com/ershoufang/101103069640.html
101101751096,冠城名敦道,广渠门,东城,500,79.28O,59.69O,塔楼,63068,1室0厅0厨0卫,顶层 (共23层),暂无数据,西,钢混结构,精装,四梯十三户,集中供暖,有,70年,普通住宅,https://bj.lianjia.com/ershoufang/101101751096.html
101102343785,光明西里,广渠门,东城,580,67.89O,暂无数据,板楼,85433,3室1厅1厨1卫,底层 (共5层),平层,东 西,混合结构,其他,一梯两户,自供暖,无,70年,普通住宅,https://bj.lianjia.com/ershoufang/101102343785.html
101103010583,金桥国际,广渠门,东城,560,75.17O,56.53O,塔楼,74498,1室1厅1厨1卫,低楼层 (共27层),平层,西,钢混结构,其他,四梯十六户,集中供暖,有,70年,普通住宅,https://bj.lianjia.com/ershoufang/101103010583.html
101103017857,金桥国际,广渠门,东城,570,75.17O,56.53O,塔楼,75829,1室1厅1厨1卫,高楼层 (共27层),平层,西,钢混结构,其他,四梯十四户,集中供暖,有,70年,普通住宅,https://bj.lianjia.com/ershoufang/101103017857.html
101102833199,南水关,广渠门,东城,636,70.94O,暂无数据,板楼,89654,2室1厅1厨1卫,中楼层 (共14层),平层,南,混合结构,其他,一梯七户,集中供暖,有,70年,普通住宅,https://bj.lianjia.com/ershoufang/101102833199.html
101102788409,东方财富,广渠门,东城,415,45.29O,33.99O,板塔结合,91632,1室0厅1厨1卫,中楼层 (共15层),暂无数据,西,钢混结构,简装,四梯二十七户,集中供暖,有,70年,普通住宅,https://bj.lianjia.com/ershoufang/101102788409.html
101102880206,绿景苑,广渠门,东城,760,78.22O,62.54O,塔楼,97162,2室1厅1厨1卫,底层 (共18层),平层,东,钢混结构,其他,三梯十二户,集中供暖,有,70年,普通住宅,https://bj.lianjia.com/ershoufang/101102880206.html
101102424857,绿景苑,广渠门,东城,455,46.23O,36.71O,板塔结合,98421,1室1厅1厨1卫,中楼层 (共12层),平层,南,钢混结构,其他,一梯九户,集中供暖,有,70年,普通住宅,https://bj.lianjia.com/ershoufang/101102424857.html
101102620368,金桥国际,广渠门,东城,452,54.41O,40.92O,塔楼,83073,1室1厅1厨1卫,中楼层 (共19层),平层,西,钢混结构,精装,两梯十六户,集中供暖,有,70年,普通住宅,https://bj.lianjia.com/ershoufang/101102620368.html
101102830873,金桥国际,广渠门,东城,520,63.21O,47.54O,塔楼,82266,1室1厅1厨1卫,低楼层 (共19层),平层,西,钢混结构,精装,两梯十六户,集中供暖,有,70年,普通住宅,https://bj.lianjia.com/ershoufang/101102830873.html
101102906874,水上华城,广渠门,东城,540,51.83O,41.78O,板塔结合,104187,1室0厅1厨1卫,高楼层 (共23层),平层,西南,钢混结构,其他,三梯九户,集中供暖,有,70年,普通住宅,https://bj.lianjia.com/ershoufang/101102906874.html
101102432487,绿景苑,广渠门,东城,455,46.12O,36.62O,板塔结合,98656,1室1厅1厨1卫,中楼层 (共12层),平层,南,钢混结构,精装,一梯九户,集中供暖,有,70年,普通住宅,https://bj.lianjia.com/ershoufang/101102432487.html
101102675790,东环居苑,广渠门,东城,572,63.6O,51.01O,塔楼,89938,1室1厅1厨1卫,低楼层 (共22层),平层,西,钢混结构,其他,三梯十一户,集中供暖,有,70年,普通住宅,https://bj.lianjia.com/ershoufang/101102675790.html
101102781146,京禧阁,广渠门,东城,1007,119.14O,97.73O,塔楼,84523,2室2厅1厨2卫,底层 (共22层),暂无数据,西,钢混结构,其他,四梯九户,集中供暖,有,70年,普通住宅,https://bj.lianjia.com/ershoufang/101102781146.html
101102781159,京禧阁,广渠门,东城,1133,135.66O,111.28O,塔楼,83518,3室2厅1厨2卫,底层 (共22层),暂无数据,西北,钢混结构,其他,四梯九户,集中供暖,有,70年,普通住宅,https://bj.lianjia.com/ershoufang/101102781159.html
101102835170,京禧阁,广渠门,东城,707,70.69O,57.99O,塔楼,100015,1室1厅1厨1卫,高楼层 (共22层),平层,东,钢混结构,其他,四梯十户,集中供暖,有,70年,普通住宅,https://bj.lianjia.com/ershoufang/101102835170.html
101102869828,安化南里,广渠门,东城,750,81.44O,65.81O,塔楼,92093,2室1厅1厨1卫,低楼层 (共16层),平层,东南,钢混结构,其他,四梯十八户,自供暖,有,70年,普通住宅,https://bj.lianjia.com/ershoufang/101102869828.html
101102934608,北京上舍,广渠门,东城,510,61.06O,47.35O,塔楼,83525,1室1厅1厨1卫,中楼层 (共15层),平层,北,钢混结构,其他,两梯九户,集中供暖,有,70年,普通住宅,https://bj.lianjia.com/ershoufang/101102934608.html
101102407993,幸福家园二期,广渠门,东城,1180,111.53O,88.79O,板楼,105802,2室1厅1厨2卫,中楼层 (共18层),平层,南 北,钢混结构,其他,两梯六户,集中供暖,有,70年,公寓/住宅,https://bj.lianjia.com/ershoufang/101102407993.html
101102224310,冠城名敦道,广渠门,东城,470,63.01O,暂无数据,塔楼,74592,1室0厅1厨1卫,中楼层 (共23层),平层,西,钢混结构,精装,七梯二十三户,集中供暖,有,70年,普通住宅,https://bj.lianjia.com/ershoufang/101102224310.html
101103113743,金桥国际,广渠门,东城,535,63.35O,47.64O,塔楼,84452,1室1厅1厨1卫,中楼层 (共21层),平层,南,钢混结构,精装,两梯十六户,集中供暖,有,70年,普通住宅,https://bj.lianjia.com/ershoufang/101103113743.html
101103120008,金世纪嘉园,广渠门,东城,1080,132.33O,109.22O,塔楼,81615,3室1厅1厨1卫,顶层 (共18层),平层,西南,钢混结构,其他,两梯十户,集中供暖,有,70年,普通住宅,https://bj.lianjia.com/ershoufang/101103120008.html
101103122306,冠城名敦道,广渠门,东城,445,63.73O,44.92O,塔楼,69826,1室0厅1厨1卫,低楼层 (共23层),平层,西,钢混结构,其他,七梯二十一户,集中供暖,有,70年,普通住宅,https://bj.lianjia.com/ershoufang/101103122306.html
101102506493,幸福家园二期,广渠门,东城,1800,187.09O,148.95O,板楼,96211,4室2厅1厨2卫,低楼层 (共18层),平层,南 西 北,钢混结构,精装,两梯六户,集中供暖,有,70年,普通住宅,https://bj.lianjia.com/ershoufang/101102506493.html
101102509236,远洋德邑,广渠门,东城,1050,127.42O,100.77O,塔楼,82405,3室2厅1厨1卫,中楼层 (共22层),平层,南,钢混结构,简装,三梯十二户,集中供暖,有,70年,普通住宅,https://bj.lianjia.com/ershoufang/101102509236.html
101102922567,水上华城,广渠门,东城,1060,105.29O,83.19O,板塔结合,100675,2室1厅1厨1卫,低楼层 (共23层),平层,西南,钢混结构,简装,两梯六户,集中供暖,有,70年,普通住宅,https://bj.lianjia.com/ershoufang/101102922567.html
101102214817,远洋德邑,广渠门,东城,950,110.95O,87.74O,塔楼,85625,2室1厅1厨1卫,高楼层 (共22层),平层,东北,钢混结构,简装,三梯十二户,集中供暖,有,70年,普通住宅,https://bj.lianjia.com/ershoufang/101102214817.html
101102728701,绿景苑,广渠门,东城,1190,134.03O,112.76O,塔楼,88787,3室2厅1厨2卫,低楼层 (共18层),平层,西南 北,钢混结构,精装,两梯八户,集中供暖,有,70年,普通住宅,https://bj.lianjia.com/ershoufang/101102728701.html
101102175176,金世纪嘉园,广渠门,东城,612,75.55O,59.96O,塔楼,81006,2室1厅1厨1卫,低楼层 (共21层),平层,东南,钢混结构,简装,三梯十二户,集中供暖,有,70年,普通住宅,https://bj.lianjia.com/ershoufang/101102175176.html
101102798101,幸福家园三期,广渠门,东城,1080,90.91O,72.73O,板塔结合,118799,2室1厅1厨1卫,低楼层 (共12层),平层,东北,钢混结构,其他,一梯三户,集中供暖,有,70年,普通住宅,https://bj.lianjia.com/ershoufang/101102798101.html
101102961755,绿景馨园,广渠门,东城,700,70.38O,63.22O,板楼,99461,2室1厅1厨1卫,低楼层 (共6层),平层,南 北,钢混结构,毛坯,一梯四户,自供暖,无,70年,普通住宅,https://bj.lianjia.com/ershoufang/101102961755.html
101102610926,幸福南里,广渠门,东城,612,65.7O,暂无数据,板塔结合,93151,2室1厅1厨1卫,高楼层 (共12层),平层,南 北,混合结构,精装,一梯八户,集中供暖,有,70年,普通住宅,https://bj.lianjia.com/ershoufang/101102610926.html
101102682738,金世纪嘉园,广渠门,东城,650,75.74O,60.11O,塔楼,85820,2室1厅1厨1卫,中楼层 (共21层),平层,东南,钢混结构,简装,三梯十二户,集中供暖,有,70年,普通住宅,https://bj.lianjia.com/ershoufang/101102682738.html
101102961642,金桥国际,广渠门,东城,542,63.79O,47.97O,塔楼,84967,1室1厅1厨1卫,中楼层 (共27层),平层,西,钢混结构,其他,四梯十六户,集中供暖,有,70年,普通住宅,https://bj.lianjia.com/ershoufang/101102961642.html
101102986686,水上华城,广渠门,东城,1600,166.49O,137.48O,板塔结合,96102,3室2厅1厨2卫,低楼层 (共23层),平层,南 北,钢混结构,其他,两梯两户,集中供暖,有,70年,普通住宅,https://bj.lianjia.com/ershoufang/101102986686.html
101102407947,东方财富,广渠门,东城,610,69.71O,52.32O,板塔结合,87506,1室1厅1厨1卫,顶层 (共15层),平层,西北,钢混结构,精装,四梯二十六户,集中供暖,有,70年,普通住宅,https://bj.lianjia.com/ershoufang/101102407947.html
101103015949,水上华城,广渠门,东城,1350,145.58O,113.72O,板楼,92733,3室2厅1厨2卫,中楼层 (共20层),平层,东 西,钢混结构,精装,两梯两户,集中供暖,有,70年,普通住宅,https://bj.lianjia.com/ershoufang/101103015949.html
101102463499,金桥国际,广渠门,东城,515,63.35O,47.64O,塔楼,81295,1室1厅1厨1卫,低楼层 (共27层),平层,南,钢混结构,其他,四梯十六户,集中供暖,有,70年,普通住宅,https://bj.lianjia.com/ershoufang/101102463499.html
101102726274,安化南里,广渠门,东城,720,79.89O,64.56O,塔楼,90124,2室1厅1厨1卫,低楼层 (共16层),平层,东南,钢混结构,精装,四梯十八户,自供暖,有,70年,普通住宅,https://bj.lianjia.com/ershoufang/101102726274.html
101102918479,绿景苑,广渠门,东城,1298,136.64O,114.96O,塔楼,94995,3室2厅1厨2卫,顶层 (共18层),平层,东南,钢混结构,精装,两梯八户,集中供暖,有,70年,普通住宅,https://bj.lianjia.com/ershoufang/101102918479.html
101102922863,光明楼,广渠门,东城,735,82.82O,暂无数据,板楼,88747,3室1厅1厨1卫,低楼层 (共6层),平层,南 北,混合结构,简装,一梯两户,集中供暖,无,70年,普通住宅,https://bj.lianjia.com/ershoufang/101102922863.html
101102521438,幸福家园三期,广渠门,东城,765,70.33O,56.35O,板塔结合,108773,1室1厅1厨1卫,中楼层 (共8层),平层,西,钢混结构,精装,一梯四户,集中供暖,有,70年,普通住宅,https://bj.lianjia.com/ershoufang/101102521438.html
101102926349,广渠家园,广渠门,东城,610,74.99O,59.96O,板塔结合,81345,3室1厅1厨1卫,中楼层 (共29层),平层,南 北,钢混结构,精装,三梯十二户,集中供暖,有,70年,普通住宅,https://bj.lianjia.com/ershoufang/101102926349.html
101102300505,京禧阁,广渠门,东城,1050,112.01O,91.88O,塔楼,93742,2室1厅1厨2卫,低楼层 (共22层),平层,东,钢混结构,其他,四梯十户,集中供暖,有,70年,普通住宅,https://bj.lianjia.com/ershoufang/101102300505.html
101102809955,水上华城,广渠门,东城,1350,144.43O,112.82O,板楼,93471,3室1厅1厨2卫,中楼层 (共20层),平层,东 西,钢混结构,精装,两梯两户,集中供暖,有,70年,普通住宅,https://bj.lianjia.com/ershoufang/101102809955.html
101102355084,幸福家园二期,广渠门,东城,1900,187.09O,148.95O,板楼,101556,4室2厅1厨2卫,高楼层 (共18层),平层,南 西 北,钢混结构,简装,两梯六户,集中供暖,有,70年,普通住宅,https://bj.lianjia.com/ershoufang/101102355084.html
101102962098,远洋德邑,广渠门,东城,1100,131.45O,108.25O,板塔结合,83683,2室1厅1厨2卫,低楼层 (共12层),平层,东 西,钢混结构,精装,一梯四户,集中供暖,有,70年,普通住宅,https://bj.lianjia.com/ershoufang/101102962098.html
101103017077,绿景苑,广渠门,东城,690,69.61O,57.39O,板塔结合,99124,2室1厅1厨1卫,低楼层 (共14层),平层,东,钢混结构,简装,三梯二十二户,集中供暖,有,70年,普通住宅,https://bj.lianjia.com/ershoufang/101103017077.html
101103027582,天利园,广渠门,东城,660,66.31O,55.02O,板楼,99533,2室1厅1厨1卫,顶层 (共16层),平层,南,钢混结构,简装,一梯三户,集中供暖,有,70年,普通住宅,https://bj.lianjia.com/ershoufang/101103027582.html
101102942654,金世纪嘉园,广渠门,东城,555,69.27O,54.98O,塔楼,80122,1室1厅1厨1卫,低楼层 (共21层),平层,东南,钢混结构,简装,三梯十二户,集中供暖,有,70年,普通住宅,https://bj.lianjia.com/ershoufang/101102942654.html
101103096133,远洋德邑,广渠门,东城,1060,119.3O,98.25O,板塔结合,88852,2室1厅1厨2卫,低楼层 (共14层),平层,东 西,钢混结构,简装,一梯四户,集中供暖,有,70年,普通住宅,https://bj.lianjia.com/ershoufang/101103096133.html
101101907553,培新街乙5号院,广渠门,东城,590,55.15O,暂无数据,塔楼,106981,1室1厅1厨1卫,底层 (共17层),平层,西南,钢混结构,精装,三梯十户,集中供暖,有,70年,普通住宅,https://bj.lianjia.com/ershoufang/101101907553.html
101102704907,幸福北里,广渠门,东城,543,57.41O,40.1O,板楼,94583,2室1厅1厨1卫,中楼层 (共6层),平层,南,混合结构,毛坯,一梯三户,集中供暖,无,70年,普通住宅,https://bj.lianjia.com/ershoufang/101102704907.html
101102824304,绿景苑,广渠门,东城,740,78.33O,62.63O,塔楼,94473,2室1厅1厨1卫,中楼层 (共18层),平层,西,钢混结构,其他,三梯十二户,集中供暖,有,70年,普通住宅,https://bj.lianjia.com/ershoufang/101102824304.html
101102188319,绿景馨园,广渠门,东城,520,52.12O,46.74O,板楼,99770,2室1厅1厨1卫,高楼层 (共6层),平层,南,钢混结构,精装,一梯四户,自供暖,无,70年,普通住宅,https://bj.lianjia.com/ershoufang/101102188319.html
101102403972,金桥国际,广渠门,东城,880,121.68O,91.51O,塔楼,72321,2室2厅1厨2卫,中楼层 (共21层),跃层,南,钢混结构,其他,两梯十六户,集中供暖,有,70年,普通住宅,https://bj.lianjia.com/ershoufang/101102403972.html
101102807495,广渠门内大街,广渠门,东城,705,80.09O,暂无数据,板塔结合,88026,3室1厅1厨1卫,低楼层 (共13层),平层,南 北,混合结构,精装,两梯六户,集中供暖,有,70年,普通住宅,https://bj.lianjia.com/ershoufang/101102807495.html
101103021151,金世纪嘉园,广渠门,东城,700,78.4O,64.71O,塔楼,89286,1室1厅1厨1卫,中楼层 (共18层),平层,东南,钢混结构,精装,两梯十户,集中供暖,有,70年,普通住宅,https://bj.lianjia.com/ershoufang/101103021151.html
101102418562,冠城名敦道,广渠门,东城,520,93.13O,70.12O,塔楼,55836,2室1厅0厨0卫,中楼层 (共23层),平层,东,钢混结构,简装,四梯十三户,集中供暖,有,70年,普通住宅,https://bj.lianjia.com/ershoufang/101102418562.html
101103075821,忠实里,广渠门,东城,708,82.2O,55.85O,板楼,86132,3室1厅1厨1卫,低楼层 (共14层),平层,东北,混合结构,精装,一梯六户,集中供暖,有,70年,普通住宅,https://bj.lianjia.com/ershoufang/101103075821.html
101103089774,远洋德邑,广渠门,东城,965,106.28O,87.52O,板塔结合,90798,2室1厅1厨1卫,中楼层 (共14层),平层,东,钢混结构,精装,一梯四户,集中供暖,有,70年,普通住宅,https://bj.lianjia.com/ershoufang/101103089774.html
101101244677,天利园,广渠门,东城,1250,130.31O,108.12O,板楼,95926,3室1厅1厨1卫,中楼层 (共16层),平层,东南,钢混结构,精装,一梯六户,集中供暖,有,70年,普通住宅,https://bj.lianjia.com/ershoufang/101101244677.html
101102437167,忠实里,广渠门,东城,720,82.2O,55.85O,板楼,87592,3室1厅1厨1卫,低楼层 (共14层),平层,东北,混合结构,精装,一梯六户,集中供暖,有,70年,普通住宅,https://bj.lianjia.com/ershoufang/101102437167.html
101102903589,金世纪嘉园,广渠门,东城,650,77.95O,62.96O,塔楼,83387,2室1厅1厨1卫,高楼层 (共21层),平层,西,钢混结构,简装,四梯十六户,集中供暖,有,70年,普通住宅,https://bj.lianjia.com/ershoufang/101102903589.html
101102689849,广渠家园,广渠门,东城,695,79.08O,63.23O,板塔结合,87886,3室1厅1厨1卫,低楼层 (共29层),平层,西南,钢混结构,精装,三梯十二户,集中供暖,有,70年,普通住宅,https://bj.lianjia.com/ershoufang/101102689849.html
101102659802,金桥国际,广渠门,东城,1661,195.52O,147.04O,塔楼,84953,3室1厅1厨3卫,中楼层 (共27层),平层,东南,钢混结构,精装,四梯十七户,集中供暖,有,70年,普通住宅,https://bj.lianjia.com/ershoufang/101102659802.html
101102747077,冠城名敦道,广渠门,东城,1450,129.41O,98.22O,板楼,112047,2室2厅1厨2卫,中楼层 (共17层),平层,东 南 北,钢混结构,其他,两梯两户,集中供暖,有,70年,普通住宅,https://bj.lianjia.com/ershoufang/101102747077.html
101102893008,远洋德邑,广渠门,东城,1500,168.59O,138.84O,板塔结合,88974,3室1厅1厨2卫,中楼层 (共14层),平层,东南,钢混结构,简装,一梯四户,集中供暖,有,70年,普通住宅,https://bj.lianjia.com/ershoufang/101102893008.html
101101135837,广渠家园,广渠门,东城,530,61.14O,48.88O,板塔结合,86687,2室1厅1厨1卫,高楼层 (共29层),平层,西北,钢混结构,精装,三梯十二户,集中供暖,有,70年,普通住宅,https://bj.lianjia.com/ershoufang/101101135837.html
101101174440,板厂新里,广渠门,东城,1042,115.8O,暂无数据,板楼,89983,3室2厅1厨1卫,底层 (共4层),平层,南 北,混合结构,精装,一梯一户,集中供暖,暂无数据,70年,普通住宅,https://bj.lianjia.com/ershoufang/101101174440.html
101101867415,绿景苑,广渠门,东城,1550,163.63O,暂无数据,板楼,94726,4室2厅1厨2卫,中楼层 (共14层),平层,南 北,钢混结构,简装,一梯两户,集中供暖,有,70年,普通住宅,https://bj.lianjia.com/ershoufang/101101867415.html
101102686312,广和里,广渠门,朝阳,799,133.28O,暂无数据,板楼,59949,3室2厅1厨2卫,顶层 (共6层),跃层,南 北,混合结构,精装,一梯两户,集中供暖,无,70年,普通住宅,https://bj.lianjia.com/ershoufang/101102686312.html
101102969666,保利蔷薇,广渠门,东城,920,95.14O,76.53O,板塔结合,96700,2室2厅1厨1卫,低楼层 (共16层),平层,东,钢混结构,精装,三梯十一户,集中供暖,有,70年,普通住宅,https://bj.lianjia.com/ershoufang/101102969666.html
101103100511,广渠家园,广渠门,东城,690,79.21O,63.23O,板塔结合,87111,3室1厅1厨1卫,中楼层 (共29层),平层,西南,钢混结构,简装,三梯十二户,集中供暖,有,70年,普通住宅,https://bj.lianjia.com/ershoufang/101103100511.html
101102172473,远洋德邑,广渠门,东城,1080,131.9O,104.31O,塔楼,81881,3室2厅1厨1卫,中楼层 (共22层),平层,东,钢混结构,简装,三梯十二户,集中供暖,有,70年,普通住宅,https://bj.lianjia.com/ershoufang/101102172473.html
101102239654,丽水湾畔家园,广渠门,东城,1010,130O,104.56O,塔楼,77693,2室1厅1厨1卫,中楼层 (共21层),平层,西,钢混结构,其他,两梯八户,集中供暖,有,70年,普通住宅,https://bj.lianjia.com/ershoufang/101102239654.html
101103009602,京城仁合,广渠门,东城,1080,122.86O,暂无数据,板塔结合,87905,2室2厅1厨2卫,高楼层 (共16层),平层,东 南 西,钢混结构,精装,一梯三户,集中供暖,有,70年,普通住宅,https://bj.lianjia.com/ershoufang/101103009602.html
101102982864,东环居苑,广渠门,东城,850,99.12O,79.5O,塔楼,85755,3室1厅1厨1卫,低楼层 (共22层),平层,南 北,钢混结构,简装,三梯十一户,集中供暖,有,70年,普通住宅,https://bj.lianjia.com/ershoufang/101102982864.html
101102439170,冠城名敦道,广渠门,东城,630,83.24O,61.19O,塔楼,75685,1室1厅1厨0卫,低楼层 (共23层),平层,东南,钢混结构,精装,四梯十三户,集中供暖,有,70年,普通住宅,https://bj.lianjia.com/ershoufang/101102439170.html
101102866281,安化北里,广渠门,东城,650,74.62O,暂无数据,塔楼,87109,2室1厅1厨1卫,中楼层 (共17层),平层,南 西,混合结构,精装,两梯八户,集中供暖,有,70年,普通住宅,https://bj.lianjia.com/ershoufang/101102866281.html
101103024201,冠城名敦道,广渠门,东城,530,60.99O,42.99O,塔楼,86900,1室1厅1厨1卫,高楼层 (共23层),平层,南,钢混结构,精装,七梯二十三户,集中供暖,有,70年,普通住宅,https://bj.lianjia.com/ershoufang/101103024201.html
101102792527,领行国际,广渠门,东城,715,104.99O,83.71O,板塔结合,68102,2室1厅1厨1卫,高楼层 (共21层),平层,西南,钢混结构,简装,三梯八户,集中供暖,有,70年,普通住宅,https://bj.lianjia.com/ershoufang/101102792527.html
101102438195,领行国际,广渠门,东城,800,106.08O,84.58O,板塔结合,75415,2室2厅1厨1卫,高楼层 (共21层),平层,西,钢混结构,精装,三梯八户,集中供暖,有,70年,公寓,https://bj.lianjia.com/ershoufang/101102438195.html
101102383251,幸福家园一期,广渠门,东城,880,86.37O,69.21O,塔楼,101888,2室1厅1厨1卫,低楼层 (共18层),平层,北,钢混结构,简装,两梯六户,集中供暖,有,70年,普通住宅,https://bj.lianjia.com/ershoufang/101102383251.html
101102811832,绿景馨园,广渠门,东城,730,75.18O,67.41O,板楼,97101,2室2厅1厨1卫,顶层 (共6层),复式,南 北,钢混结构,精装,一梯两户,自供暖,无,70年,普通住宅,https://bj.lianjia.com/ershoufang/101102811832.html
101103102262,金桥国际,广渠门,东城,520,63.35O,47.64O,塔楼,82084,1室1厅1厨1卫,高楼层 (共19层),平层,东,钢混结构,其他,两梯六户,集中供暖,有,70年,普通住宅,https://bj.lianjia.com/ershoufang/101103102262.html
101101932324,安化北里,广渠门,东城,670,74.62O,53.12O,塔楼,89789,2室1厅1厨1卫,低楼层 (共17层),平层,南,混合结构,简装,两梯八户,集中供暖,有,70年,普通住宅,https://bj.lianjia.com/ershoufang/101101932324.html
101102428270,京城仁合,广渠门,东城,1000,114.51O,89.52O,板塔结合,87329,2室1厅1厨2卫,顶层 (共16层),平层,南 西 北,钢混结构,精装,两梯三户,集中供暖,有,70年,普通住宅,https://bj.lianjia.com/ershoufang/101102428270.html
101102859490,夕照寺西里,广渠门,东城,495,56.04O,39.83O,板楼,88330,2室1厅1厨1卫,低楼层 (共6层),平层,东 北,混合结构,精装,一梯五户,集中供暖,无,70年,普通住宅,https://bj.lianjia.com/ershoufang/101102859490.html
101103109868,绿景馨园,广渠门,东城,700,70.57O,63.22O,板楼,99193,2室1厅1厨1卫,中楼层 (共6层),平层,南 北,钢混结构,其他,一梯四户,自供暖,无,70年,普通住宅,https://bj.lianjia.com/ershoufang/101103109868.html
101101395976,金世纪嘉园,广渠门,东城,660,77.95O,62.96O,塔楼,84670,1室1厅1厨1卫,中楼层 (共21层),平层,西南,钢混结构,精装,四梯十六户,集中供暖,有,70年,普通住宅,https://bj.lianjia.com/ershoufang/101101395976.html
101102462727,丽水湾畔家园,广渠门,东城,1065,139.91O,112.53O,塔楼,76121,3室1厅1厨2卫,中楼层 (共21层),平层,南 北,钢混结构,精装,两梯八户,集中供暖,有,70年,普通住宅,https://bj.lianjia.com/ershoufang/101102462727.html
101102468469,水上华城,广渠门,东城,1380,144.73O,113.05O,板楼,95350,3室2厅1厨2卫,低楼层 (共20层),平层,东 西,钢混结构,精装,两梯两户,集中供暖,有,70年,普通住宅,https://bj.lianjia.com/ershoufang/101102468469.html
101102765945,远洋德邑,广渠门,东城,1480,168.59O,138.84O,板塔结合,87787,3室1厅1厨2卫,中楼层 (共14层),平层,东南,钢混结构,简装,一梯四户,集中供暖,有,70年,普通住宅,https://bj.lianjia.com/ershoufang/101102765945.html
101102662649,安化北里,广渠门,东城,658,71.57O,50.6O,板楼,91938,3室1厅1厨1卫,中楼层 (共6层),平层,南 北,混合结构,毛坯,一梯三户,集中供暖,无,70年,普通住宅,https://bj.lianjia.com/ershoufang/101102662649.html
101102790765,冠城名敦道,广渠门,东城,1950,174.97O,130.31O,板楼,111448,3室1厅1厨2卫,中楼层 (共27层),平层,南 北,钢混结构,精装,两梯两户,集中供暖,有,70年,普通住宅,https://bj.lianjia.com/ershoufang/101102790765.html
101102881042,绿景馨园,广渠门,东城,880,89.45O,80.06O,板楼,98379,3室2厅1厨1卫,底层 (共6层),平层,东 南 北,钢混结构,简装,一梯三户,自供暖,无,70年,普通住宅,https://bj.lianjia.com/ershoufang/101102881042.html
101102929369,保利蔷薇,广渠门,东城,1000,95.14O,76.53O,板塔结合,105109,2室2厅1厨1卫,中楼层 (共16层),平层,东,钢混结构,精装,三梯十一户,集中供暖,有,70年,普通住宅,https://bj.lianjia.com/ershoufang/101102929369.html
101103045015,冠城名敦道,广渠门,东城,499,68.19O,48.06O,塔楼,73178,1室0厅1厨1卫,中楼层 (共23层),平层,东,钢混结构,精装,七梯二十三户,集中供暖,有,70年,普通住宅,https://bj.lianjia.com/ershoufang/101103045015.html
101103009661,广渠家园,广渠门,东城,530,62.02O,49.06O,塔楼,85457,2室1厅1厨1卫,顶层 (共28层),平层,西,钢混结构,简装,三梯十户,集中供暖,有,70年,普通住宅,https://bj.lianjia.com/ershoufang/101103009661.html
101101789373,远洋德邑,广渠门,东城,650,72.34O,57.21O,塔楼,89854,1室1厅1厨1卫,高楼层 (共22层),平层,西北,钢混结构,精装,三梯十三户,集中供暖,有,70年,普通住宅,https://bj.lianjia.com/ershoufang/101101789373.html
101102112049,冠城名敦道,广渠门,东城,790,131.74O,99.19O,塔楼,59967,1室1厅0厨1卫,中楼层 (共23层),平层,东北,钢混结构,精装,四梯十三户,集中供暖,有,70年,普通住宅,https://bj.lianjia.com/ershoufang/101102112049.html
101102571269,保利蔷薇,广渠门,东城,1020,94.04O,75.65O,板塔结合,108465,2室1厅1厨1卫,低楼层 (共16层),平层,南,钢混结构,精装,三梯十一户,集中供暖,有,70年,普通住宅,https://bj.lianjia.com/ershoufang/101102571269.html
101102953112,安化北里,广渠门,东城,620,69.66O,49.4O,塔楼,89004,2室1厅1厨1卫,中楼层 (共17层),平层,南,混合结构,精装,两梯八户,集中供暖,有,70年,普通住宅,https://bj.lianjia.com/ershoufang/101102953112.html
101103004249,保利蔷薇,广渠门,东城,620,59.25O,47.66O,板塔结合,104642,1室1厅1厨1卫,高楼层 (共16层),平层,北,钢混结构,精装,三梯十一户,集中供暖,有,70年,普通住宅,https://bj.lianjia.com/ershoufang/101103004249.html
101103021242,领行国际,广渠门,东城,935,133.21O,106.21O,板塔结合,70190,3室1厅1厨2卫,顶层 (共21层),暂无数据,西南,钢混结构,简装,三梯八户,集中供暖,有,70年,普通住宅,https://bj.lianjia.com/ershoufang/101103021242.html
101103072043,广渠家园,广渠门,东城,515,62.02O,49.06O,塔楼,83038,2室1厅1厨1卫,顶层 (共28层),平层,东,钢混结构,精装,三梯十户,集中供暖,有,70年,普通住宅,https://bj.lianjia.com/ershoufang/101103072043.html
101102739000,金世纪嘉园,广渠门,东城,800,91.11O,73.59O,塔楼,87806,2室1厅1厨1卫,低楼层 (共21层),平层,南 西 北,钢混结构,精装,四梯十六户,集中供暖,有,70年,普通住宅,https://bj.lianjia.com/ershoufang/101102739000.html
101102703673,金世纪嘉园,广渠门,东城,570,66.01O,52.39O,塔楼,86351,2室1厅1厨1卫,高楼层 (共21层),平层,南 西,钢混结构,其他,三梯十二户,集中供暖,有,70年,普通住宅,https://bj.lianjia.com/ershoufang/101102703673.html
101102820881,幸福北里,广渠门,东城,558,60.19O,42.2O,板楼,92707,2室1厅1厨1卫,低楼层 (共6层),平层,南 北,混合结构,其他,一梯两户,集中供暖,无,70年,普通住宅,https://bj.lianjia.com/ershoufang/101102820881.html
101103054871,远洋德邑,广渠门,东城,850,97.64O,77.22O,塔楼,87055,2室1厅1厨1卫,高楼层 (共22层),平层,东南,钢混结构,简装,三梯十二户,集中供暖,有,70年,普通住宅,https://bj.lianjia.com/ershoufang/101103054871.html
101102058322,水上华城,广渠门,东城,1375,147.91O,115.54O,板楼,92962,3室2厅1厨2卫,低楼层 (共20层),平层,东 西,钢混结构,精装,两梯两户,集中供暖,有,70年,普通住宅,https://bj.lianjia.com/ershoufang/101102058322.html
101102860708,水上华城,广渠门,东城,1600,164.3O,128.34O,板楼,97383,3室2厅1厨2卫,中楼层 (共20层),平层,东 西,钢混结构,精装,两梯两户,集中供暖,有,70年,普通住宅,https://bj.lianjia.com/ershoufang/101102860708.html
101102553445,冠城名敦道,广渠门,东城,1589,144.42O,107.56O,板楼,110027,2室2厅1厨1卫,底层 (共27层),平层,南 北,钢混结构,精装,两梯两户,集中供暖,有,70年,普通住宅,https://bj.lianjia.com/ershoufang/101102553445.html
101101710622,广渠门内大街,广渠门,东城,600,63.93O,45.11O,板塔结合,93853,2室1厅1厨1卫,低楼层 (共13层),平层,南,混合结构,精装,两梯六户,集中供暖,有,70年,普通住宅,https://bj.lianjia.com/ershoufang/101101710622.html
101102928240,保利蔷薇,广渠门,东城,960,86.11O,67.1O,板塔结合,111486,2室1厅1厨1卫,低楼层 (共16层),平层,东南 北,钢混结构,精装,两梯九户,集中供暖,有,70年,普通住宅,https://bj.lianjia.com/ershoufang/101102928240.html
101101128345,东环居苑,广渠门,东城,850,99.52O,79.82O,塔楼,85410,3室1厅1厨1卫,高楼层 (共22层),平层,东北,钢混结构,精装,三梯十一户,集中供暖,有,70年,普通住宅,https://bj.lianjia.com/ershoufang/101101128345.html
101102170548,光明西里,广渠门,东城,440,49.33O,暂无数据,板楼,89196,2室1厅1厨1卫,顶层 (共5层),平层,东 西,混合结构,精装,一梯三户,自供暖,无,70年,普通住宅,https://bj.lianjia.com/ershoufang/101102170548.html
101102919789,绿景苑,广渠门,东城,605,56.29O,44.7O,板塔结合,107480,2室1厅1厨1卫,中楼层 (共12层),平层,南 北,钢混结构,其他,一梯九户,集中供暖,有,70年,普通住宅,https://bj.lianjia.com/ershoufang/101102919789.html
101102993832,保利蔷薇,广渠门,东城,660,57.92O,46.59O,板塔结合,113951,2室1厅1厨1卫,低楼层 (共16层),平层,南,钢混结构,精装,两梯六户,集中供暖,有,70年,普通住宅,https://bj.lianjia.com/ershoufang/101102993832.html
101103038422,保利蔷薇,广渠门,东城,935,92.89O,74.42O,板塔结合,100657,2室1厅1厨1卫,中楼层 (共16层),平层,西,钢混结构,精装,两梯八户,集中供暖,有,70年,普通住宅,https://bj.lianjia.com/ershoufang/101103038422.html
101101735005,冠城名敦道,广渠门,东城,635,83.36O,61.19O,塔楼,76176,1室0厅0厨0卫,中楼层 (共23层),平层,西南,钢混结构,精装,四梯十三户,集中供暖,有,70年,普通住宅,https://bj.lianjia.com/ershoufang/101101735005.html
101102231225,北京上舍,广渠门,东城,588,64.68O,50.16O,塔楼,90910,1室0厅1厨1卫,高楼层 (共15层),平层,北,钢混结构,精装,两梯九户,集中供暖,有,70年,普通住宅,https://bj.lianjia.com/ershoufang/101102231225.html
101102599518,保利蔷薇,广渠门,东城,880,86.45O,67.37O,板塔结合,101793,2室1厅1厨1卫,中楼层 (共16层),平层,东南,钢混结构,精装,两梯九户,集中供暖,有,70年,普通住宅,https://bj.lianjia.com/ershoufang/101102599518.html
101102682436,水上华城,广渠门,东城,850,83.62O,65.66O,板塔结合,101651,1室1厅1厨1卫,低楼层 (共24层),平层,北,钢混结构,精装,三梯七户,集中供暖,有,70年,普通住宅,https://bj.lianjia.com/ershoufang/101102682436.html
101101911754,幸福家园三期,广渠门,东城,770,70.33O,56.35O,板塔结合,109484,1室1厅1厨1卫,顶层 (共8层),平层,西,钢混结构,简装,一梯四户,集中供暖,有,70年,普通住宅,https://bj.lianjia.com/ershoufang/101101911754.html
101102534675,领行国际,广渠门,东城,730,95.33O,76.01O,板塔结合,76577,2室1厅1厨1卫,低楼层 (共21层),平层,东北,钢混结构,简装,三梯八户,集中供暖,有,70年,公寓,https://bj.lianjia.com/ershoufang/101102534675.html
101102644561,幸福家园三期,广渠门,东城,1288,122.45O,97.97O,板塔结合,105186,3室1厅1厨2卫,低楼层 (共12层),平层,东 西,钢混结构,其他,一梯三户,集中供暖,有,70年,普通住宅,https://bj.lianjia.com/ershoufang/101102644561.html
101102654031,冠城名敦道,广渠门,东城,505,63.73O,44.92O,塔楼,79241,1室0厅1厨1卫,低楼层 (共23层),平层,西,钢混结构,精装,七梯二十三户,集中供暖,有,70年,普通住宅,https://bj.lianjia.com/ershoufang/101102654031.html
101102775303,金世纪嘉园,广渠门,东城,600,61.3O,49.51O,塔楼,97880,1室1厅1厨1卫,中楼层 (共21层),平层,西南,钢混结构,精装,四梯十六户,集中供暖,有,70年,普通住宅,https://bj.lianjia.com/ershoufang/101102775303.html
101102381242,远洋德邑,广渠门,东城,980,110.95O,87.74O,塔楼,88329,2室1厅1厨1卫,低楼层 (共22层),平层,东北,钢混结构,简装,三梯十三户,集中供暖,有,70年,普通住宅,https://bj.lianjia.com/ershoufang/101102381242.html
101102720533,广和里,广渠门,朝阳,798,133.06O,暂无数据,板楼,59973,3室3厅1厨2卫,顶层 (共6层),跃层,南 北,混合结构,其他,一梯两户,集中供暖,无,70年,普通住宅,https://bj.lianjia.com/ershoufang/101102720533.html
101103062860,水上华城,广渠门,东城,698,66.54O,53.63O,板塔结合,104900,1室2厅1厨1卫,高楼层 (共20层),平层,西,钢混结构,精装,两梯八户,集中供暖,有,70年,普通住宅,https://bj.lianjia.com/ershoufang/101103062860.html
101103091983,广渠门外南街,广渠门,朝阳,455,57.62O,40.9O,板楼,78966,2室1厅1厨1卫,底层 (共6层),平层,东 南,混合结构,其他,一梯两户,集中供暖,无,70年,普通住宅,https://bj.lianjia.com/ershoufang/101103091983.html
101102644289,金桥国际,广渠门,东城,570,71.44O,53.73O,塔楼,79788,1室1厅1厨1卫,中楼层 (共21层),平层,北,钢混结构,其他,两梯十六户,集中供暖,有,70年,普通住宅,https://bj.lianjia.com/ershoufang/101102644289.html
101102212441,培新街乙5号院,广渠门,东城,730,69.03O,48.44O,板塔结合,105752,2室1厅1厨1卫,高楼层 (共16层),平层,东 西,钢混结构,精装,三梯三户,集中供暖,有,70年,普通住宅,https://bj.lianjia.com/ershoufang/101102212441.html
101102589414,绿景苑,广渠门,东城,830,89.28O,75.11O,塔楼,92966,2室1厅1厨1卫,中楼层 (共18层),平层,北,钢混结构,精装,两梯八户,集中供暖,有,70年,普通住宅,https://bj.lianjia.com/ershoufang/101102589414.html
101102912368,北京上舍,广渠门,东城,950,94.46O,72.75O,塔楼,100572,2室1厅1厨1卫,低楼层 (共15层),平层,东 西,钢混结构,精装,两梯十户,集中供暖,有,70年,普通住宅,https://bj.lianjia.com/ershoufang/101102912368.html
101102965792,光明楼,广渠门,东城,900,100.45O,暂无数据,板楼,89597,3室2厅1厨1卫,底层 (共6层),平层,南 北,混合结构,其他,一梯两户,集中供暖,无,70年,普通住宅,https://bj.lianjia.com/ershoufang/101102965792.html
101102968404,金桥国际,广渠门,东城,480,55.1O,41.44O,塔楼,87115,1室1厅1厨1卫,高楼层 (共19层),平层,东 北,钢混结构,精装,两梯十六户,集中供暖,有,70年,普通住宅,https://bj.lianjia.com/ershoufang/101102968404.html
101102142319,领行国际,广渠门,东城,485,62.22O,49.61O,板塔结合,77950,1室1厅1厨1卫,中楼层 (共21层),平层,北,钢混结构,精装,三梯八户,集中供暖,有,70年,公寓,https://bj.lianjia.com/ershoufang/101102142319.html
101101178137,金世纪嘉园,广渠门,东城,570,64.01O,51.7O,塔楼,89049,1室1厅1厨1卫,高楼层 (共21层),平层,西,钢混结构,精装,四梯十六户,集中供暖,有,70年,普通住宅,https://bj.lianjia.com/ershoufang/101101178137.html
101101285495,安化南里,广渠门,东城,560,60.87O,49.19O,塔楼,92000,1室1厅1厨1卫,中楼层 (共16层),平层,东南,钢混结构,毛坯,四梯十八户,自供暖,有,70年,普通住宅,https://bj.lianjia.com/ershoufang/101101285495.html
101102001087,水上华城,广渠门,东城,810,83.62O,65.66O,板塔结合,96867,2室1厅1厨1卫,高楼层 (共24层),平层,北,钢混结构,精装,三梯七户,集中供暖,有,70年,普通住宅,https://bj.lianjia.com/ershoufang/101102001087.html
101102937663,绿景馨园,广渠门,东城,720,72.3O,64.77O,板楼,99586,2室1厅1厨1卫,底层 (共6层),平层,南 北,钢混结构,其他,一梯三户,自供暖,无,70年,普通住宅,https://bj.lianjia.com/ershoufang/101102937663.html
101103000832,金桥国际,广渠门,东城,565,75.17O,56.53O,塔楼,75163,1室1厅1厨1卫,中楼层 (共27层),平层,西,钢混结构,其他,四梯十六户,集中供暖,有,70年,普通住宅,https://bj.lianjia.com/ershoufang/101103000832.html
101102404877,光明楼,广渠门,东城,650,79.4O,暂无数据,板楼,81864,3室1厅1厨1卫,底层 (共4层),平层,东 南 西,混合结构,简装,一梯两户,集中供暖,无,70年,普通住宅,https://bj.lianjia.com/ershoufang/101102404877.html
101102077592,富瑞苑,广渠门,东城,880,133.62O,80O,塔楼,65859,2室1厅1厨1卫,中楼层 (共18层),平层,西北,混合结构,其他,三梯十二户,集中供暖,有,70年,普通住宅,https://bj.lianjia.com/ershoufang/101102077592.html
101102667019,金世纪嘉园,广渠门,东城,960,103.76O,85.64O,塔楼,92522,2室1厅1厨2卫,中楼层 (共18层),平层,东南,钢混结构,精装,两梯十户,集中供暖,有,70年,普通住宅,https://bj.lianjia.com/ershoufang/101102667019.html
101102704112,远洋德邑,广渠门,东城,1120,127.42O,100.77O,塔楼,87899,3室2厅1厨1卫,中楼层 (共22层),平层,南,钢混结构,其他,三梯十二户,集中供暖,有,70年,普通住宅,https://bj.lianjia.com/ershoufang/101102704112.html
101102728725,光明楼,广渠门,东城,535,63.33O,暂无数据,板楼,84479,3室1厅1厨1卫,中楼层 (共4层),平层,南 北,混合结构,其他,一梯两户,集中供暖,无,70年,普通住宅,https://bj.lianjia.com/ershoufang/101102728725.html
101102738995,培新街乙5号院,广渠门,东城,790,75.3O,暂无数据,板塔结合,104914,2室1厅1厨1卫,低楼层 (共16层),平层,东南,钢混结构,简装,三梯三户,集中供暖,有,70年,普通住宅,https://bj.lianjia.com/ershoufang/101102738995.html
101102769509,水上华城,广渠门,东城,1220,117.66O,92.97O,板塔结合,103689,2室2厅1厨1卫,高楼层 (共23层),平层,南,钢混结构,其他,两梯七户,集中供暖,有,70年,普通住宅,https://bj.lianjia.com/ershoufang/101102769509.html
101102892260,忠实里,广渠门,东城,560,61.59O,43.29O,板楼,90924,2室1厅1厨1卫,低楼层 (共14层),平层,东,混合结构,精装,一梯六户,集中供暖,有,70年,普通住宅,https://bj.lianjia.com/ershoufang/101102892260.html
101102110555,幸福南里,广渠门,东城,488,55.05O,38.34O,板楼,88647,2室1厅1厨1卫,高楼层 (共6层),平层,南 北,混合结构,简装,一梯三户,自供暖,无,70年,普通住宅,https://bj.lianjia.com/ershoufang/101102110555.html
101102250247,幸福家园三期,广渠门,东城,1000,130.01O,102.17O,板塔结合,76918,3室1厅1厨2卫,低楼层 (共12层),平层,南,钢混结构,简装,两梯九户,集中供暖,有,70年,普通住宅,https://bj.lianjia.com/ershoufang/101102250247.html
101102461767,保利蔷薇,广渠门,东城,1100,98.54O,79.27O,板塔结合,111630,2室1厅1厨1卫,低楼层 (共16层),平层,南 北,钢混结构,精装,两梯六户,集中供暖,有,70年,普通住宅,https://bj.lianjia.com/ershoufang/101102461767.html
101102650790,光明中街,广渠门,东城,590,69.18O,49.74O,板楼,85285,3室1厅1厨1卫,顶层 (共6层),平层,东 西,混合结构,其他,一梯三户,集中供暖,暂无数据,70年,普通住宅,https://bj.lianjia.com/ershoufang/101102650790.html
101102788415,幸福家园三期,广渠门,东城,1000,89.89O,71.92O,板塔结合,111248,2室1厅1厨1卫,低楼层 (共12层),平层,东北,钢混结构,其他,一梯三户,集中供暖,有,70年,普通住宅,https://bj.lianjia.com/ershoufang/101102788415.html
101102907572,冠城名敦道,广渠门,东城,670,107.02O,75.43O,塔楼,62606,1室1厅1厨2卫,中楼层 (共23层),平层,东,钢混结构,精装,七梯二十三户,集中供暖,有,70年,普通住宅,https://bj.lianjia.com/ershoufang/101102907572.html
101102963330,绿景苑,广渠门,东城,900,91.5O,暂无数据,板塔结合,98361,3室1厅1厨1卫,高楼层 (共14层),平层,东北,钢混结构,精装,三梯二十二户,集中供暖,有,70年,普通住宅,https://bj.lianjia.com/ershoufang/101102963330.html
101102302318,东环居苑,广渠门,东城,550,65.08O,52.2O,塔楼,84512,1室1厅1厨1卫,中楼层 (共22层),平层,西南,钢混结构,精装,三梯十一户,集中供暖,有,70年,普通住宅,https://bj.lianjia.com/ershoufang/101102302318.html
101102514793,冠城名敦道,广渠门,东城,500,77.24O,58.16O,塔楼,64734,1室0厅1厨1卫,中楼层 (共23层),平层,东,钢混结构,简装,四梯十三户,集中供暖,有,70年,普通住宅,https://bj.lianjia.com/ershoufang/101102514793.html
101102557168,幸福北里,广渠门,东城,495,52.14O,暂无数据,板楼,94937,2室0厅1厨1卫,底层 (共3层),平层,南 北,砖混结构,简装,一梯七户,集中供暖,无,70年,普通住宅,https://bj.lianjia.com/ershoufang/101102557168.html
101102622646,培新街乙5号院,广渠门,东城,780,75.3O,53O,板塔结合,103586,2室1厅1厨1卫,中楼层 (共16层),平层,东南,钢混结构,其他,三梯三户,集中供暖,有,70年,普通住宅,https://bj.lianjia.com/ershoufang/101102622646.html
101102743093,广和里,广渠门,朝阳,300,50.57O,暂无数据,板楼,59324,2室1厅1厨1卫,中楼层 (共6层),平层,南,混合结构,其他,一梯两户,集中供暖,无,70年,普通住宅,https://bj.lianjia.com/ershoufang/101102743093.html
101102752531,冠城名敦道,广渠门,东城,540,86.56O,65.08O,塔楼,62385,1室1厅0厨0卫,中楼层 (共23层),平层,西,钢混结构,精装,四梯十三户,集中供暖,有,70年,普通住宅,https://bj.lianjia.com/ershoufang/101102752531.html
101102873877,京禧阁,广渠门,东城,1070,117.84O,96.66O,塔楼,90802,2室2厅1厨2卫,低楼层 (共22层),平层,西南,钢混结构,精装,四梯十户,集中供暖,有,70年,普通住宅,https://bj.lianjia.com/ershoufang/101102873877.html
101102931398,保利蔷薇,广渠门,东城,930,88.06O,70.55O,板塔结合,105610,2室1厅1厨1卫,中楼层 (共16层),平层,东,钢混结构,精装,两梯八户,集中供暖,有,70年,普通住宅,https://bj.lianjia.com/ershoufang/101102931398.html
101102942959,领行国际,广渠门,东城,730,95.75O,76.34O,板塔结合,76241,2室1厅1厨1卫,中楼层 (共21层),平层,西北,钢混结构,其他,三梯八户,集中供暖,有,70年,普通住宅,https://bj.lianjia.com/ershoufang/101102942959.html
101102921522,北京上舍,广渠门,东城,1330,132.15O,102.48O,塔楼,100644,3室2厅1厨1卫,中楼层 (共15层),平层,东南,钢混结构,精装,两梯九户,集中供暖,有,70年,普通住宅,https://bj.lianjia.com/ershoufang/101102921522.html
101102630413,东方财富,广渠门,东城,490,51.61O,38.74O,板塔结合,94943,1室0厅1厨1卫,低楼层 (共15层),平层,北,钢混结构,简装,四梯二十七户,集中供暖,有,70年,普通住宅,https://bj.lianjia.com/ershoufang/101102630413.html
101102383713,金桥国际,广渠门,东城,570,71.44O,53.73O,塔楼,79788,1室1厅1厨1卫,低楼层 (共21层),平层,北,钢混结构,精装,两梯十六户,集中供暖,有,70年,普通住宅,https://bj.lianjia.com/ershoufang/101102383713.html
101102429080,南水关,广渠门,东城,545,59.16O,暂无数据,板楼,92124,2室1厅1厨1卫,高楼层 (共6层),平层,东 西,混合结构,简装,一梯两户,集中供暖,无,70年,普通住宅,https://bj.lianjia.com/ershoufang/101102429080.html
101102618144,安化南里,广渠门,东城,805,86.6O,69.98O,塔楼,92957,2室1厅1厨1卫,底层 (共16层),平层,西北,钢混结构,精装,四梯十八户,自供暖,有,70年,普通住宅,https://bj.lianjia.com/ershoufang/101102618144.html
101102622919,幸福家园二期,广渠门,东城,720,65.48O,50.89O,板塔结合,109958,2室1厅1厨1卫,高楼层 (共13层),平层,北,钢混结构,其他,一梯四户,集中供暖,有,70年,普通住宅,https://bj.lianjia.com/ershoufang/101102622919.html
101102662816,金世纪嘉园,广渠门,东城,540,66.91O,53.1O,塔楼,80706,1室1厅1厨1卫,低楼层 (共21层),平层,西南 北,钢混结构,其他,三梯十二户,集中供暖,有,70年,普通住宅,https://bj.lianjia.com/ershoufang/101102662816.html
101102871695,冠城名敦道,广渠门,东城,510,61.7O,43.49O,塔楼,82659,1室1厅1厨1卫,中楼层 (共23层),平层,西北,钢混结构,精装,七梯二十三户,集中供暖,有,70年,普通住宅,https://bj.lianjia.com/ershoufang/101102871695.html
101102700972,保利蔷薇,广渠门,东城,710,67.99O,52.98O,板塔结合,104428,1室1厅1厨1卫,中楼层 (共16层),平层,东 西,钢混结构,其他,两梯九户,集中供暖,有,70年,普通住宅,https://bj.lianjia.com/ershoufang/101102700972.html
101102822860,金世纪嘉园,广渠门,东城,880,103.65O,81.85O,塔楼,84902,3室1厅1厨1卫,底层 (共21层),平层,南 北,钢混结构,其他,三梯十二户,集中供暖,有,70年,普通住宅,https://bj.lianjia.com/ershoufang/101102822860.html
101102013760,领行国际,广渠门,东城,450,58.46O,46.61O,板塔结合,76976,1室1厅1厨1卫,中楼层 (共21层),暂无数据,北,钢混结构,简装,三梯八户,集中供暖,有,70年,公寓,https://bj.lianjia.com/ershoufang/101102013760.html
101102267527,金世纪嘉园,广渠门,东城,580,64.6O,52.18O,塔楼,89784,1室1厅1厨1卫,高楼层 (共21层),平层,东,钢混结构,精装,四梯十六户,集中供暖,有,70年,普通住宅,https://bj.lianjia.com/ershoufang/101102267527.html
101102751908,冠城名敦道,广渠门,东城,795,131.93O,99.19O,塔楼,60260,1室1厅0厨1卫,中楼层 (共23层),平层,西北,钢混结构,精装,四梯十三户,集中供暖,有,70年,普通住宅,https://bj.lianjia.com/ershoufang/101102751908.html
101101712503,京城仁合,广渠门,东城,800,101.64O,81.01O,板塔结合,78710,1室1厅1厨1卫,底层 (共16层),平层,南 北,钢混结构,简装,一梯两户,集中供暖,有,70年,普通住宅,https://bj.lianjia.com/ershoufang/101101712503.html
101101949843,水上华城,广渠门,东城,2560,266.01O,219.66O,板塔结合,96237,4室2厅1厨2卫,低楼层 (共23层),暂无数据,南 北,钢混结构,其他,两梯两户,集中供暖,有,70年,普通住宅,https://bj.lianjia.com/ershoufang/101101949843.html
101102027444,安化南里,广渠门,东城,550,60.65O,49.01O,塔楼,90685,1室1厅1厨1卫,底层 (共16层),平层,东 南,钢混结构,精装,四梯十八户,自供暖,有,70年,普通住宅,https://bj.lianjia.com/ershoufang/101102027444.html
101102528823,东方财富,广渠门,东城,605,69.71O,52.32O,板塔结合,86789,1室1厅1厨1卫,中楼层 (共15层),平层,东北,钢混结构,精装,四梯二十七户,集中供暖,有,70年,普通住宅,https://bj.lianjia.com/ershoufang/101102528823.html
101102679221,冠城名敦道,广渠门,东城,500,93.27O,70.12O,塔楼,53608,1室1厅0厨0卫,中楼层 (共23层),平层,西,钢混结构,简装,四梯十三户,集中供暖,有,70年,普通住宅,https://bj.lianjia.com/ershoufang/101102679221.html
101102897601,金桥国际,广渠门,东城,620,73.93O,55.6O,塔楼,83864,1室1厅1厨1卫,中楼层 (共27层),平层,南,钢混结构,精装,四梯十六户,集中供暖,有,70年,普通住宅,https://bj.lianjia.com/ershoufang/101102897601.html
101102592827,水上华城,广渠门,东城,535,51.1O,41.19O,板塔结合,104697,1室0厅0厨0卫,中楼层 (共23层),平层,北,钢混结构,简装,三梯七户,集中供暖,有,70年,普通住宅,https://bj.lianjia.com/ershoufang/101102592827.html
101102791272,培新街乙5号院,广渠门,东城,770,70.72O,59.63O,板塔结合,108881,2室1厅1厨1卫,中楼层 (共16层),平层,东南,钢混结构,简装,三梯三户,集中供暖,有,70年,普通住宅,https://bj.lianjia.com/ershoufang/101102791272.html
101102524222,水上华城,广渠门,东城,2580,266.01O,219.66O,板塔结合,96989,4室2厅1厨3卫,低楼层 (共23层),暂无数据,南 北,钢混结构,精装,两梯两户,集中供暖,有,70年,普通住宅,https://bj.lianjia.com/ershoufang/101102524222.html
101101692468,绿景苑,广渠门,东城,485,46.23O,36.71O,板塔结合,104911,1室1厅1厨1卫,低楼层 (共12层),平层,南,钢混结构,精装,一梯九户,集中供暖,有,70年,普通住宅,https://bj.lianjia.com/ershoufang/101101692468.html
101102439537,金世纪嘉园,广渠门,东城,630,68.27O,55.14O,塔楼,92281,1室1厅1厨1卫,中楼层 (共21层),平层,东,钢混结构,其他,四梯十六户,集中供暖,有,70年,普通住宅,https://bj.lianjia.com/ershoufang/101102439537.html
101102830612,保利蔷薇,广渠门,东城,478,44.34O,34.55O,板塔结合,107804,1室0厅1厨1卫,底层 (共16层),平层,南,钢混结构,精装,两梯三户,集中供暖,有,70年,普通住宅,https://bj.lianjia.com/ershoufang/101102830612.html
101102841208,安化北里,广渠门,东城,498,57.55O,39.8O,塔楼,86534,1室1厅1厨1卫,低楼层 (共17层),平层,南,混合结构,简装,两梯八户,集中供暖,有,70年,普通住宅,https://bj.lianjia.com/ershoufang/101102841208.html
101102991102,广渠门内大街,广渠门,东城,635,69.8O,49.51O,板塔结合,90975,2室1厅1厨1卫,低楼层 (共13层),平层,南 北,混合结构,简装,两梯六户,集中供暖,有,70年,普通住宅,https://bj.lianjia.com/ershoufang/101102991102.html
101103023539,绿景苑,广渠门,东城,1400,145.89O,暂无数据,板楼,95963,3室2厅1厨2卫,中楼层 (共14层),暂无数据,南 西 北,钢混结构,精装,一梯两户,集中供暖,有,70年,普通住宅,https://bj.lianjia.com/ershoufang/101103023539.html
101103060057,领行国际,广渠门,东城,430,58.06O,暂无数据,板塔结合,74062,1室1厅1厨1卫,低楼层 (共21层),平层,北,钢混结构,简装,三梯八户,集中供暖,有,70年,公寓,https://bj.lianjia.com/ershoufang/101103060057.html
101102942714,东方财富,广渠门,东城,425,45.29O,33.99O,板塔结合,93840,1室0厅1厨1卫,低楼层 (共15层),平层,东,钢混结构,精装,四梯二十七户,集中供暖,有,70年,普通住宅,https://bj.lianjia.com/ershoufang/101102942714.html
101101765985,绿景馨园,广渠门,东城,730,78.44O,70.33O,板楼,93065,2室1厅1厨1卫,低楼层 (共6层),平层,南 北,钢混结构,简装,一梯两户,自供暖,无,70年,普通住宅,https://bj.lianjia.com/ershoufang/101101765985.html
101102825062,领行国际,广渠门,东城,710,95.75O,76.34O,板塔结合,74152,2室1厅1厨1卫,中楼层 (共21层),平层,东北,钢混结构,简装,三梯八户,集中供暖,有,70年,公寓,https://bj.lianjia.com/ershoufang/101102825062.html
101102013755,领行国际,广渠门,东城,480,62.22O,49.61O,板塔结合,77146,1室1厅1厨1卫,中楼层 (共21层),暂无数据,北,钢混结构,简装,三梯八户,集中供暖,有,70年,公寓,https://bj.lianjia.com/ershoufang/101102013755.html
101101678082,冠城名敦道,广渠门,东城,480,76.65O,58.23O,塔楼,62623,1室0厅0厨1卫,中楼层 (共23层),平层,西,钢混结构,简装,四梯十三户,集中供暖,有,70年,普通住宅,https://bj.lianjia.com/ershoufang/101101678082.html
101102768075,幸福南里,广渠门,东城,450,50.14O,34.66O,板楼,89749,2室1厅1厨1卫,中楼层 (共6层),平层,东北,混合结构,简装,一梯三户,自供暖,无,70年,普通住宅,https://bj.lianjia.com/ershoufang/101102768075.html
101102448990,水上华城,广渠门,东城,1980,213.41O,176.23O,板塔结合,92780,3室2厅1厨2卫,高楼层 (共23层),暂无数据,南 北,钢混结构,精装,两梯两户,集中供暖,有,70年,普通住宅,https://bj.lianjia.com/ershoufang/101102448990.html
101101911395,自由季,广渠门,东城,260,54.25O,42.08O,板塔结合,47927,1房间1卫,低楼层 (共10层),平层,南,钢混结构,精装,三梯二十户,集中供暖,有,50年,商业办公类,https://bj.lianjia.com/ershoufang/101101911395.html
101102463585,自由季,广渠门,东城,265,53.36O,41.39O,板塔结合,49663,2房间1卫,低楼层 (共10层),平层,东 西 北,钢混结构,其他,三梯二十六户,集中供暖,有,50年,商业办公类,https://bj.lianjia.com/ershoufang/101102463585.html
101103008752,广和里,广渠门,朝阳,280,48.62O,暂无数据,板楼,57590,2室1厅1厨1卫,高楼层 (共6层),平层,南 北,混合结构,简装,一梯两户,集中供暖,无,70年,普通住宅,https://bj.lianjia.com/ershoufang/101103008752.html
101102751974,金世纪嘉园,广渠门,东城,540,63.33O,50.01O,塔楼,85268,1室1厅1厨1卫,中楼层 (共21层),平层,西南,钢混结构,简装,三梯十三户,集中供暖,有,70年,普通住宅,https://bj.lianjia.com/ershoufang/101102751974.html
101102438684,自由季,广渠门,东城,230,55.99O,43.43O,板塔结合,41079,1房间1卫,中楼层 (共10层),平层,西,钢混结构,精装,三梯二十户,集中供暖,有,50年,商业办公类,https://bj.lianjia.com/ershoufang/101102438684.html
101102691295,自由季,广渠门,东城,200,45.16O,35.03O,板塔结合,44287,1房间1卫,低楼层 (共10层),平层,西 北,钢混结构,精装,三梯二十六户,集中供暖,有,50年,商业办公类,https://bj.lianjia.com/ershoufang/101102691295.html
101102917028,幸福南里,广渠门,东城,568,71.1O,暂无数据,板楼,79888,3室1厅1厨1卫,低楼层 (共3层),平层,南,混合结构,其他,一梯四户,自供暖,无,70年,普通住宅,https://bj.lianjia.com/ershoufang/101102917028.html
101102191457,自由季,广渠门,东城,206,51.49O,39.94O,板塔结合,40008,1房间1卫,顶层 (共10层),平层,西,钢混结构,精装,三梯二十六户,集中供暖,有,50年,商业办公类,https://bj.lianjia.com/ershoufang/101102191457.html
101102107228,幸福北里,广渠门,东城,580,68.35O,暂无数据,板楼,84858,2室1厅1厨1卫,顶层 (共4层),平层,东 西,混合结构,简装,一梯三户,集中供暖,无,70年,普通住宅,https://bj.lianjia.com/ershoufang/101102107228.html
101102265803,金桥国际,广渠门,东城,1147,134.99O,60.59O,塔楼,84970,2室1厅1厨2卫,高楼层 (共27层),跃层,东,钢混结构,简装,四梯十四户,集中供暖,有,70年,普通住宅,https://bj.lianjia.com/ershoufang/101102265803.html
101102651271,自由季,广渠门,东城,230,55.99O,43.43O,板塔结合,41079,3房间1卫,中楼层 (共10层),平层,西,钢混结构,精装,三梯二十六户,集中供暖,有,50年,商业办公类,https://bj.lianjia.com/ershoufang/101102651271.html
101102395967,幸福家园三期,广渠门,东城,865,96.69O,75.99O,板塔结合,89462,2室1厅1厨1卫,高楼层 (共12层),暂无数据,北,钢混结构,简装,两梯九户,集中供暖,有,70年,普通住宅,https://bj.lianjia.com/ershoufang/101102395967.html
101102973010,领行国际,广渠门,东城,1150,147.96O,117.97O,板塔结合,77724,3室1厅1厨1卫,中楼层 (共21层),暂无数据,西南,钢混结构,简装,三梯八户,集中供暖,有,70年,普通住宅,https://bj.lianjia.com/ershoufang/101102973010.html
101102983044,领行国际,广渠门,东城,745,95.75O,76.34O,板塔结合,77807,2室1厅1厨1卫,低楼层 (共21层),暂无数据,东 北,钢混结构,毛坯,三梯八户,集中供暖,有,70年,普通住宅,https://bj.lianjia.com/ershoufang/101102983044.html
101103116150,冠城名敦道,广渠门,东城,530,60.62O,42.73O,塔楼,87430,1室1厅1厨1卫,中楼层 (共23层),平层,西南,钢混结构,精装,七梯二十三户,集中供暖,有,70年,普通住宅,https://bj.lianjia.com/ershoufang/101103116150.html
101101133684,北京上舍,广渠门,东城,2730,278.79O,250.4O,板楼,97924,4室2厅1厨3卫,中楼层 (共6层),暂无数据,东 西,钢混结构,精装,一梯两户,集中供暖,无,70年,普通住宅,https://bj.lianjia.com/ershoufang/101101133684.html
101102983011,领行国际,广渠门,东城,1037,133.21O,106.21O,板塔结合,77848,3室1厅1厨1卫,低楼层 (共21层),暂无数据,东南,钢混结构,毛坯,三梯八户,集中供暖,有,70年,普通住宅,https://bj.lianjia.com/ershoufang/101102983011.html
101102983023,领行国际,广渠门,东城,1152,147.96O,117.97O,板塔结合,77859,3室1厅1厨1卫,低楼层 (共21层),暂无数据,西南,钢混结构,其他,三梯八户,集中供暖,有,70年,普通住宅,https://bj.lianjia.com/ershoufang/101102983023.html
101102983029,领行国际,广渠门,东城,817,104.99O,83.71O,板塔结合,77817,2室1厅1厨1卫,低楼层 (共21层),暂无数据,西南,钢混结构,其他,三梯八户,集中供暖,有,70年,普通住宅,https://bj.lianjia.com/ershoufang/101102983029.html
101102983034,领行国际,广渠门,东城,961,123.44O,98.42O,板塔结合,77852,2室1厅1厨1卫,低楼层 (共21层),暂无数据,南 北,钢混结构,毛坯,三梯八户,集中供暖,有,70年,普通住宅,https://bj.lianjia.com/ershoufang/101102983034.html
101102983039,领行国际,广渠门,东城,455,58.46O,46.61O,板塔结合,77831,1室0厅1厨1卫,低楼层 (共21层),暂无数据,北,钢混结构,毛坯,三梯八户,集中供暖,有,70年,普通住宅,https://bj.lianjia.com/ershoufang/101102983039.html
101102983042,领行国际,广渠门,东城,484,62.22O,49.61O,板塔结合,77789,1室0厅1厨1卫,低楼层 (共21层),暂无数据,北,钢混结构,毛坯,三梯八户,集中供暖,有,70年,普通住宅,https://bj.lianjia.com/ershoufang/101102983042.html
101102983048,领行国际,广渠门,东城,826,106.08O,84.58O,板塔结合,77866,1室1厅1厨1卫,低楼层 (共21层),暂无数据,东,钢混结构,毛坯,三梯八户,集中供暖,有,70年,普通住宅,https://bj.lianjia.com/ershoufang/101102983048.html
101102925720,领行国际,广渠门,东城,485,62.22O,49.61O,板塔结合,77950,1室0厅1厨1卫,高楼层 (共21层),暂无数据,北,钢混结构,简装,三梯八户,集中供暖,有,70年,普通住宅,https://bj.lianjia.com/ershoufang/101102925720.html
101102835598,南水关,广渠门,东城,570,62.05O,43.8O,板楼,91862,2室1厅1厨1卫,中楼层 (共14层),平层,南 北,混合结构,精装,一梯七户,集中供暖,有,70年,普通住宅,https://bj.lianjia.com/ershoufang/101102835598.html
101101972924,板厂新里,广渠门,东城,695,80.15O,暂无数据,塔楼,86713,3室1厅1厨1卫,高楼层 (共18层),暂无数据,西北,混合结构,精装,一梯八户,集中供暖,暂无数据,70年,普通住宅,https://bj.lianjia.com/ershoufang/101101972924.html
101103013185,冠城名敦道,广渠门,东城,470,76.63O,57.7O,塔楼,61334,1室1厅0厨0卫,中楼层 (共23层),暂无数据,西,钢混结构,简装,四梯十三户,集中供暖,有,70年,普通住宅,https://bj.lianjia.com/ershoufang/101103013185.html
101102200605,幸福家园三期,广渠门,东城,860,111.17O,86.71O,板塔结合,77359,2室1厅1厨1卫,低楼层 (共12层),暂无数据,东 西,钢混结构,简装,两梯九户,集中供暖,有,70年,普通住宅,https://bj.lianjia.com/ershoufang/101102200605.html
101102451920,幸福北里,广渠门,东城,565,58.73O,暂无数据,板楼,96203,3室1厅1厨1卫,中楼层 (共6层),暂无数据,东南 北,混合结构,其他,一梯四户,集中供暖,无,70年,普通住宅,https://bj.lianjia.com/ershoufang/101102451920.html
101102095400,安化南里,广渠门,东城,565,60.87O,49.19O,塔楼,92821,1室1厅1厨1卫,中楼层 (共16层),暂无数据,东南,钢混结构,简装,四梯十八户,自供暖,有,70年,普通住宅,https://bj.lianjia.com/ershoufang/101102095400.html
101102793454,幸福家园三期,广渠门,东城,1000,130.01O,102.17O,板塔结合,76918,3室1厅1厨1卫,中楼层 (共12层),暂无数据,南,钢混结构,精装,两梯九户,集中供暖,有,70年,普通住宅,https://bj.lianjia.com/ershoufang/101102793454.html
101103095399,幸福家园三期,广渠门,东城,800,100.31O,78.83O,板塔结合,79753,2室1厅1厨1卫,中楼层 (共12层),暂无数据,北,钢混结构,其他,两梯九户,集中供暖,有,70年,普通住宅,https://bj.lianjia.com/ershoufang/101103095399.html
101103117288,幸福家园二期,广渠门,东城,888,86.68O,69.01O,板楼,102446,2室1厅1厨1卫,低楼层 (共18层),平层,北,钢混结构,其他,两梯六户,集中供暖,有,70年,普通住宅,https://bj.lianjia.com/ershoufang/101103117288.html
101102673772,远洋德邑,广渠门,东城,995,131.9O,104.31O,塔楼,75436,3室1厅1厨1卫,低楼层 (共22层),平层,东,钢混结构,简装,三梯十三户,集中供暖,有,70年,普通住宅,https://bj.lianjia.com/ershoufang/101102673772.html
101102616852,领行国际,广渠门,东城,465,62.22O,49.61O,板塔结合,74735,1室1厅1厨1卫,高楼层 (共21层),平层,北,钢混结构,简装,三梯八户,集中供暖,有,70年,普通住宅,https://bj.lianjia.com/ershoufang/101102616852.html
101102726485,水上华城,广渠门,东城,1770,196.89O,153.8O,板楼,89898,3室2厅1厨2卫,高楼层 (共20层),暂无数据,东 西,钢混结构,简装,两梯两户,集中供暖,有,70年,普通住宅,https://bj.lianjia.com/ershoufang/101102726485.html
101103069640,冠城名敦道,广渠门,东城,1880,179.31O,133.54O,板楼,104847,3室2厅1厨2卫,低楼层 (共27层),平层,南 北,钢混结构,精装,两梯两户,集中供暖,有,70年,普通住宅,https://bj.lianjia.com/ershoufang/101103069640.html
101101751096,冠城名敦道,广渠门,东城,500,79.28O,59.69O,塔楼,63068,1室0厅0厨0卫,顶层 (共23层),暂无数据,西,钢混结构,精装,四梯十三户,集中供暖,有,70年,普通住宅,https://bj.lianjia.com/ershoufang/101101751096.html
101102343785,光明西里,广渠门,东城,580,67.89O,暂无数据,板楼,85433,3室1厅1厨1卫,底层 (共5层),平层,东 西,混合结构,其他,一梯两户,自供暖,无,70年,普通住宅,https://bj.lianjia.com/ershoufang/101102343785.html
101103010583,金桥国际,广渠门,东城,560,75.17O,56.53O,塔楼,74498,1室1厅1厨1卫,低楼层 (共27层),平层,西,钢混结构,其他,四梯十六户,集中供暖,有,70年,普通住宅,https://bj.lianjia.com/ershoufang/101103010583.html
101103017857,金桥国际,广渠门,东城,570,75.17O,56.53O,塔楼,75829,1室1厅1厨1卫,高楼层 (共27层),平层,西,钢混结构,其他,四梯十四户,集中供暖,有,70年,普通住宅,https://bj.lianjia.com/ershoufang/101103017857.html
101102833199,南水关,广渠门,东城,636,70.94O,暂无数据,板楼,89654,2室1厅1厨1卫,中楼层 (共14层),平层,南,混合结构,其他,一梯七户,集中供暖,有,70年,普通住宅,https://bj.lianjia.com/ershoufang/101102833199.html
101102788409,东方财富,广渠门,东城,415,45.29O,33.99O,板塔结合,91632,1室0厅1厨1卫,中楼层 (共15层),暂无数据,西,钢混结构,简装,四梯二十七户,集中供暖,有,70年,普通住宅,https://bj.lianjia.com/ershoufang/101102788409.html
101102880206,绿景苑,广渠门,东城,760,78.22O,62.54O,塔楼,97162,2室1厅1厨1卫,底层 (共18层),平层,东,钢混结构,其他,三梯十二户,集中供暖,有,70年,普通住宅,https://bj.lianjia.com/ershoufang/101102880206.html
101102424857,绿景苑,广渠门,东城,455,46.23O,36.71O,板塔结合,98421,1室1厅1厨1卫,中楼层 (共12层),平层,南,钢混结构,其他,一梯九户,集中供暖,有,70年,普通住宅,https://bj.lianjia.com/ershoufang/101102424857.html
101102620368,金桥国际,广渠门,东城,452,54.41O,40.92O,塔楼,83073,1室1厅1厨1卫,中楼层 (共19层),平层,西,钢混结构,精装,两梯十六户,集中供暖,有,70年,普通住宅,https://bj.lianjia.com/ershoufang/101102620368.html
101102830873,金桥国际,广渠门,东城,520,63.21O,47.54O,塔楼,82266,1室1厅1厨1卫,低楼层 (共19层),平层,西,钢混结构,精装,两梯十六户,集中供暖,有,70年,普通住宅,https://bj.lianjia.com/ershoufang/101102830873.html
101102906874,水上华城,广渠门,东城,540,51.83O,41.78O,板塔结合,104187,1室0厅1厨1卫,高楼层 (共23层),平层,西南,钢混结构,其他,三梯九户,集中供暖,有,70年,普通住宅,https://bj.lianjia.com/ershoufang/101102906874.html
101102432487,绿景苑,广渠门,东城,455,46.12O,36.62O,板塔结合,98656,1室1厅1厨1卫,中楼层 (共12层),平层,南,钢混结构,精装,一梯九户,集中供暖,有,70年,普通住宅,https://bj.lianjia.com/ershoufang/101102432487.html
101102675790,东环居苑,广渠门,东城,572,63.6O,51.01O,塔楼,89938,1室1厅1厨1卫,低楼层 (共22层),平层,西,钢混结构,其他,三梯十一户,集中供暖,有,70年,普通住宅,https://bj.lianjia.com/ershoufang/101102675790.html
101102781146,京禧阁,广渠门,东城,1007,119.14O,97.73O,塔楼,84523,2室2厅1厨2卫,底层 (共22层),暂无数据,西,钢混结构,其他,四梯九户,集中供暖,有,70年,普通住宅,https://bj.lianjia.com/ershoufang/101102781146.html
101102781159,京禧阁,广渠门,东城,1133,135.66O,111.28O,塔楼,83518,3室2厅1厨2卫,底层 (共22层),暂无数据,西北,钢混结构,其他,四梯九户,集中供暖,有,70年,普通住宅,https://bj.lianjia.com/ershoufang/101102781159.html
101102835170,京禧阁,广渠门,东城,707,70.69O,57.99O,塔楼,100015,1室1厅1厨1卫,高楼层 (共22层),平层,东,钢混结构,其他,四梯十户,集中供暖,有,70年,普通住宅,https://bj.lianjia.com/ershoufang/101102835170.html
101102869828,安化南里,广渠门,东城,750,81.44O,65.81O,塔楼,92093,2室1厅1厨1卫,低楼层 (共16层),平层,东南,钢混结构,其他,四梯十八户,自供暖,有,70年,普通住宅,https://bj.lianjia.com/ershoufang/101102869828.html
101102934608,北京上舍,广渠门,东城,510,61.06O,47.35O,塔楼,83525,1室1厅1厨1卫,中楼层 (共15层),平层,北,钢混结构,其他,两梯九户,集中供暖,有,70年,普通住宅,https://bj.lianjia.com/ershoufang/101102934608.html
101102407993,幸福家园二期,广渠门,东城,1180,111.53O,88.79O,板楼,105802,2室1厅1厨2卫,中楼层 (共18层),平层,南 北,钢混结构,其他,两梯六户,集中供暖,有,70年,公寓/住宅,https://bj.lianjia.com/ershoufang/101102407993.html
101102224310,冠城名敦道,广渠门,东城,470,63.01O,暂无数据,塔楼,74592,1室0厅1厨1卫,中楼层 (共23层),平层,西,钢混结构,精装,七梯二十三户,集中供暖,有,70年,普通住宅,https://bj.lianjia.com/ershoufang/101102224310.html
101103113743,金桥国际,广渠门,东城,535,63.35O,47.64O,塔楼,84452,1室1厅1厨1卫,中楼层 (共21层),平层,南,钢混结构,精装,两梯十六户,集中供暖,有,70年,普通住宅,https://bj.lianjia.com/ershoufang/101103113743.html
101103120008,金世纪嘉园,广渠门,东城,1080,132.33O,109.22O,塔楼,81615,3室1厅1厨1卫,顶层 (共18层),平层,西南,钢混结构,其他,两梯十户,集中供暖,有,70年,普通住宅,https://bj.lianjia.com/ershoufang/101103120008.html
101103122306,冠城名敦道,广渠门,东城,445,63.73O,44.92O,塔楼,69826,1室0厅1厨1卫,低楼层 (共23层),平层,西,钢混结构,其他,七梯二十一户,集中供暖,有,70年,普通住宅,https://bj.lianjia.com/ershoufang/101103122306.html
